info: Microsoft.EntityFrameworkCore.Database.Command[20101]
      Executed DbCommand (16ms) [Parameters=[], CommandType='Text', CommandTimeout='30']
      create table if not exists audit_logs (
    "Id" uuid primary key,
    "UserId" uuid null references app_users("Id") on delete set null,
    "Action" varchar(30) not null,
    "EntityName" varchar(150) not null,
    "EntityId" uuid not null,
    "Changes" jsonb not null,
    "CreatedAt" timestamptz not null default now()
);
create index if not exists ix_audit_logs_entity on audit_logs("EntityName", "EntityId", "CreatedAt");
create index if not exists ix_audit_logs_user on audit_logs("UserId");
info: Microsoft.EntityFrameworkCore.Database.Command[20101]
      Executed DbCommand (5ms) [Parameters=[], CommandType='Text', CommandTimeout='30']
      SELECT a."Name"
      FROM app_roles AS a
      WHERE NOT (a."IsDeleted")
info: Microsoft.EntityFrameworkCore.Database.Command[20101]
      Executed DbCommand (2ms) [Parameters=[], CommandType='Text', CommandTimeout='30']
      SELECT a."Key"
      FROM app_permissions AS a
      WHERE NOT (a."IsDeleted")
info: Microsoft.EntityFrameworkCore.Database.Command[20101]
      Executed DbCommand (1ms) [Parameters=[], CommandType='Text', CommandTimeout='30']
      SELECT a."Id", a."CreatedAt", a."CreatedBy", a."DeletedAt", a."DeletedBy", a."Description", a."IsDeleted", a."Name", a."RowVersion", a."Status", a."UpdatedAt", a."UpdatedBy"
      FROM app_roles AS a
      WHERE NOT (a."IsDeleted")
info: Microsoft.EntityFrameworkCore.Database.Command[20101]
      Executed DbCommand (1ms) [Parameters=[], CommandType='Text', CommandTimeout='30']
      SELECT a."Id", a."CreatedAt", a."CreatedBy", a."DeletedAt", a."DeletedBy", a."Description", a."IsDeleted", a."Key", a."Name", a."RowVersion", a."UpdatedAt", a."UpdatedBy"
      FROM app_permissions AS a
      WHERE NOT (a."IsDeleted")
info: Microsoft.EntityFrameworkCore.Database.Command[20101]
      Executed DbCommand (7ms) [Parameters=[@__roleId_0='?' (DbType = Guid), @__permissionId_1='?' (DbType = Guid)], CommandType='Text', CommandTimeout='30']
      SELECT EXISTS (
          SELECT 1
          FROM app_role_permissions AS a
          WHERE NOT (a."IsDeleted") AND a."AppRoleId" = @__roleId_0 AND a."AppPermissionId" = @__permissionId_1)
info: Microsoft.EntityFrameworkCore.Database.Command[20101]
      Executed DbCommand (0ms) [Parameters=[@__roleId_0='?' (DbType = Guid), @__permissionId_1='?' (DbType = Guid)], CommandType='Text', CommandTimeout='30']
      SELECT EXISTS (
          SELECT 1
          FROM app_role_permissions AS a
          WHERE NOT (a."IsDeleted") AND a."AppRoleId" = @__roleId_0 AND a."AppPermissionId" = @__permissionId_1)
info: Microsoft.EntityFrameworkCore.Database.Command[20101]
      Executed DbCommand (0ms) [Parameters=[@__roleId_0='?' (DbType = Guid), @__permissionId_1='?' (DbType = Guid)], CommandType='Text', CommandTimeout='30']
      SELECT EXISTS (
          SELECT 1
          FROM app_role_permissions AS a
          WHERE NOT (a."IsDeleted") AND a."AppRoleId" = @__roleId_0 AND a."AppPermissionId" = @__permissionId_1)
info: Microsoft.EntityFrameworkCore.Database.Command[20101]
      Executed DbCommand (0ms) [Parameters=[@__roleId_0='?' (DbType = Guid), @__permissionId_1='?' (DbType = Guid)], CommandType='Text', CommandTimeout='30']
      SELECT EXISTS (
          SELECT 1
          FROM app_role_permissions AS a
          WHERE NOT (a."IsDeleted") AND a."AppRoleId" = @__roleId_0 AND a."AppPermissionId" = @__permissionId_1)
info: Microsoft.EntityFrameworkCore.Database.Command[20101]
      Executed DbCommand (0ms) [Parameters=[@__roleId_0='?' (DbType = Guid), @__permissionId_1='?' (DbType = Guid)], CommandType='Text', CommandTimeout='30']
      SELECT EXISTS (
          SELECT 1
          FROM app_role_permissions AS a
          WHERE NOT (a."IsDeleted") AND a."AppRoleId" = @__roleId_0 AND a."AppPermissionId" = @__permissionId_1)
info: Microsoft.EntityFrameworkCore.Database.Command[20101]
      Executed DbCommand (0ms) [Parameters=[@__roleId_0='?' (DbType = Guid), @__permissionId_1='?' (DbType = Guid)], CommandType='Text', CommandTimeout='30']
      SELECT EXISTS (
          SELECT 1
          FROM app_role_permissions AS a
          WHERE NOT (a."IsDeleted") AND a."AppRoleId" = @__roleId_0 AND a."AppPermissionId" = @__permissionId_1)
info: Microsoft.EntityFrameworkCore.Database.Command[20101]
      Executed DbCommand (0ms) [Parameters=[@__roleId_0='?' (DbType = Guid), @__permissionId_1='?' (DbType = Guid)], CommandType='Text', CommandTimeout='30']
      SELECT EXISTS (
          SELECT 1
          FROM app_role_permissions AS a
          WHERE NOT (a."IsDeleted") AND a."AppRoleId" = @__roleId_0 AND a."AppPermissionId" = @__permissionId_1)
info: Microsoft.EntityFrameworkCore.Database.Command[20101]
      Executed DbCommand (0ms) [Parameters=[@__roleId_0='?' (DbType = Guid), @__permissionId_1='?' (DbType = Guid)], CommandType='Text', CommandTimeout='30']
      SELECT EXISTS (
          SELECT 1
          FROM app_role_permissions AS a
          WHERE NOT (a."IsDeleted") AND a."AppRoleId" = @__roleId_0 AND a."AppPermissionId" = @__permissionId_1)
info: Microsoft.EntityFrameworkCore.Database.Command[20101]
      Executed DbCommand (0ms) [Parameters=[@__roleId_0='?' (DbType = Guid), @__permissionId_1='?' (DbType = Guid)], CommandType='Text', CommandTimeout='30']
      SELECT EXISTS (
          SELECT 1
          FROM app_role_permissions AS a
          WHERE NOT (a."IsDeleted") AND a."AppRoleId" = @__roleId_0 AND a."AppPermissionId" = @__permissionId_1)
info: Microsoft.EntityFrameworkCore.Database.Command[20101]
      Executed DbCommand (0ms) [Parameters=[@__roleId_0='?' (DbType = Guid), @__permissionId_1='?' (DbType = Guid)], CommandType='Text', CommandTimeout='30']
      SELECT EXISTS (
          SELECT 1
          FROM app_role_permissions AS a
          WHERE NOT (a."IsDeleted") AND a."AppRoleId" = @__roleId_0 AND a."AppPermissionId" = @__permissionId_1)
info: Microsoft.EntityFrameworkCore.Database.Command[20101]
      Executed DbCommand (0ms) [Parameters=[@__roleId_0='?' (DbType = Guid), @__permissionId_1='?' (DbType = Guid)], CommandType='Text', CommandTimeout='30']
      SELECT EXISTS (
          SELECT 1
          FROM app_role_permissions AS a
          WHERE NOT (a."IsDeleted") AND a."AppRoleId" = @__roleId_0 AND a."AppPermissionId" = @__permissionId_1)
info: Microsoft.EntityFrameworkCore.Database.Command[20101]
      Executed DbCommand (0ms) [Parameters=[@__roleId_0='?' (DbType = Guid), @__permissionId_1='?' (DbType = Guid)], CommandType='Text', CommandTimeout='30']
      SELECT EXISTS (
          SELECT 1
          FROM app_role_permissions AS a
          WHERE NOT (a."IsDeleted") AND a."AppRoleId" = @__roleId_0 AND a."AppPermissionId" = @__permissionId_1)
info: Microsoft.EntityFrameworkCore.Database.Command[20101]
      Executed DbCommand (0ms) [Parameters=[@__roleId_0='?' (DbType = Guid), @__permissionId_1='?' (DbType = Guid)], CommandType='Text', CommandTimeout='30']
      SELECT EXISTS (
          SELECT 1
          FROM app_role_permissions AS a
          WHERE NOT (a."IsDeleted") AND a."AppRoleId" = @__roleId_0 AND a."AppPermissionId" = @__permissionId_1)
info: Microsoft.EntityFrameworkCore.Database.Command[20101]
      Executed DbCommand (0ms) [Parameters=[@__roleId_0='?' (DbType = Guid), @__permissionId_1='?' (DbType = Guid)], CommandType='Text', CommandTimeout='30']
      SELECT EXISTS (
          SELECT 1
          FROM app_role_permissions AS a
          WHERE NOT (a."IsDeleted") AND a."AppRoleId" = @__roleId_0 AND a."AppPermissionId" = @__permissionId_1)
info: Microsoft.EntityFrameworkCore.Database.Command[20101]
      Executed DbCommand (0ms) [Parameters=[@__roleId_0='?' (DbType = Guid), @__permissionId_1='?' (DbType = Guid)], CommandType='Text', CommandTimeout='30']
      SELECT EXISTS (
          SELECT 1
          FROM app_role_permissions AS a
          WHERE NOT (a."IsDeleted") AND a."AppRoleId" = @__roleId_0 AND a."AppPermissionId" = @__permissionId_1)
info: Microsoft.EntityFrameworkCore.Database.Command[20101]
      Executed DbCommand (0ms) [Parameters=[@__roleId_0='?' (DbType = Guid), @__permissionId_1='?' (DbType = Guid)], CommandType='Text', CommandTimeout='30']
      SELECT EXISTS (
          SELECT 1
          FROM app_role_permissions AS a
          WHERE NOT (a."IsDeleted") AND a."AppRoleId" = @__roleId_0 AND a."AppPermissionId" = @__permissionId_1)
info: Microsoft.EntityFrameworkCore.Database.Command[20101]
      Executed DbCommand (0ms) [Parameters=[@__roleId_0='?' (DbType = Guid), @__permissionId_1='?' (DbType = Guid)], CommandType='Text', CommandTimeout='30']
      SELECT EXISTS (
          SELECT 1
          FROM app_role_permissions AS a
          WHERE NOT (a."IsDeleted") AND a."AppRoleId" = @__roleId_0 AND a."AppPermissionId" = @__permissionId_1)
info: Microsoft.EntityFrameworkCore.Database.Command[20101]
      Executed DbCommand (0ms) [Parameters=[@__roleId_0='?' (DbType = Guid), @__permissionId_1='?' (DbType = Guid)], CommandType='Text', CommandTimeout='30']
      SELECT EXISTS (
          SELECT 1
          FROM app_role_permissions AS a
          WHERE NOT (a."IsDeleted") AND a."AppRoleId" = @__roleId_0 AND a."AppPermissionId" = @__permissionId_1)
info: Microsoft.EntityFrameworkCore.Database.Command[20101]
      Executed DbCommand (0ms) [Parameters=[@__roleId_0='?' (DbType = Guid), @__permissionId_1='?' (DbType = Guid)], CommandType='Text', CommandTimeout='30']
      SELECT EXISTS (
          SELECT 1
          FROM app_role_permissions AS a
          WHERE NOT (a."IsDeleted") AND a."AppRoleId" = @__roleId_0 AND a."AppPermissionId" = @__permissionId_1)
info: Microsoft.EntityFrameworkCore.Database.Command[20101]
      Executed DbCommand (0ms) [Parameters=[@__roleId_0='?' (DbType = Guid), @__permissionId_1='?' (DbType = Guid)], CommandType='Text', CommandTimeout='30']
      SELECT EXISTS (
          SELECT 1
          FROM app_role_permissions AS a
          WHERE NOT (a."IsDeleted") AND a."AppRoleId" = @__roleId_0 AND a."AppPermissionId" = @__permissionId_1)
info: Microsoft.EntityFrameworkCore.Database.Command[20101]
      Executed DbCommand (0ms) [Parameters=[@__roleId_0='?' (DbType = Guid), @__permissionId_1='?' (DbType = Guid)], CommandType='Text', CommandTimeout='30']
      SELECT EXISTS (
          SELECT 1
          FROM app_role_permissions AS a
          WHERE NOT (a."IsDeleted") AND a."AppRoleId" = @__roleId_0 AND a."AppPermissionId" = @__permissionId_1)
info: Microsoft.EntityFrameworkCore.Database.Command[20101]
      Executed DbCommand (0ms) [Parameters=[@__roleId_0='?' (DbType = Guid), @__permissionId_1='?' (DbType = Guid)], CommandType='Text', CommandTimeout='30']
      SELECT EXISTS (
          SELECT 1
          FROM app_role_permissions AS a
          WHERE NOT (a."IsDeleted") AND a."AppRoleId" = @__roleId_0 AND a."AppPermissionId" = @__permissionId_1)
info: Microsoft.EntityFrameworkCore.Database.Command[20101]
      Executed DbCommand (0ms) [Parameters=[@__roleId_0='?' (DbType = Guid), @__permissionId_1='?' (DbType = Guid)], CommandType='Text', CommandTimeout='30']
      SELECT EXISTS (
          SELECT 1
          FROM app_role_permissions AS a
          WHERE NOT (a."IsDeleted") AND a."AppRoleId" = @__roleId_0 AND a."AppPermissionId" = @__permissionId_1)
info: Microsoft.EntityFrameworkCore.Database.Command[20101]
      Executed DbCommand (0ms) [Parameters=[@__roleId_0='?' (DbType = Guid), @__permissionId_1='?' (DbType = Guid)], CommandType='Text', CommandTimeout='30']
      SELECT EXISTS (
          SELECT 1
          FROM app_role_permissions AS a
          WHERE NOT (a."IsDeleted") AND a."AppRoleId" = @__roleId_0 AND a."AppPermissionId" = @__permissionId_1)
info: Microsoft.EntityFrameworkCore.Database.Command[20101]
      Executed DbCommand (0ms) [Parameters=[@__roleId_0='?' (DbType = Guid), @__permissionId_1='?' (DbType = Guid)], CommandType='Text', CommandTimeout='30']
      SELECT EXISTS (
          SELECT 1
          FROM app_role_permissions AS a
          WHERE NOT (a."IsDeleted") AND a."AppRoleId" = @__roleId_0 AND a."AppPermissionId" = @__permissionId_1)
info: Microsoft.EntityFrameworkCore.Database.Command[20101]
      Executed DbCommand (0ms) [Parameters=[@__roleId_0='?' (DbType = Guid), @__permissionId_1='?' (DbType = Guid)], CommandType='Text', CommandTimeout='30']
      SELECT EXISTS (
          SELECT 1
          FROM app_role_permissions AS a
          WHERE NOT (a."IsDeleted") AND a."AppRoleId" = @__roleId_0 AND a."AppPermissionId" = @__permissionId_1)
info: Microsoft.EntityFrameworkCore.Database.Command[20101]
      Executed DbCommand (0ms) [Parameters=[@__roleId_0='?' (DbType = Guid), @__permissionId_1='?' (DbType = Guid)], CommandType='Text', CommandTimeout='30']
      SELECT EXISTS (
          SELECT 1
          FROM app_role_permissions AS a
          WHERE NOT (a."IsDeleted") AND a."AppRoleId" = @__roleId_0 AND a."AppPermissionId" = @__permissionId_1)
info: Microsoft.EntityFrameworkCore.Database.Command[20101]
      Executed DbCommand (0ms) [Parameters=[@__roleId_0='?' (DbType = Guid), @__permissionId_1='?' (DbType = Guid)], CommandType='Text', CommandTimeout='30']
      SELECT EXISTS (
          SELECT 1
          FROM app_role_permissions AS a
          WHERE NOT (a."IsDeleted") AND a."AppRoleId" = @__roleId_0 AND a."AppPermissionId" = @__permissionId_1)
info: Microsoft.EntityFrameworkCore.Database.Command[20101]
      Executed DbCommand (0ms) [Parameters=[@__roleId_0='?' (DbType = Guid), @__permissionId_1='?' (DbType = Guid)], CommandType='Text', CommandTimeout='30']
      SELECT EXISTS (
          SELECT 1
          FROM app_role_permissions AS a
          WHERE NOT (a."IsDeleted") AND a."AppRoleId" = @__roleId_0 AND a."AppPermissionId" = @__permissionId_1)
info: Microsoft.EntityFrameworkCore.Database.Command[20101]
      Executed DbCommand (0ms) [Parameters=[@__roleId_0='?' (DbType = Guid), @__permissionId_1='?' (DbType = Guid)], CommandType='Text', CommandTimeout='30']
      SELECT EXISTS (
          SELECT 1
          FROM app_role_permissions AS a
          WHERE NOT (a."IsDeleted") AND a."AppRoleId" = @__roleId_0 AND a."AppPermissionId" = @__permissionId_1)
info: Microsoft.EntityFrameworkCore.Database.Command[20101]
      Executed DbCommand (0ms) [Parameters=[@__roleId_0='?' (DbType = Guid), @__permissionId_1='?' (DbType = Guid)], CommandType='Text', CommandTimeout='30']
      SELECT EXISTS (
          SELECT 1
          FROM app_role_permissions AS a
          WHERE NOT (a."IsDeleted") AND a."AppRoleId" = @__roleId_0 AND a."AppPermissionId" = @__permissionId_1)
info: Microsoft.EntityFrameworkCore.Database.Command[20101]
      Executed DbCommand (0ms) [Parameters=[@__roleId_0='?' (DbType = Guid), @__permissionId_1='?' (DbType = Guid)], CommandType='Text', CommandTimeout='30']
      SELECT EXISTS (
          SELECT 1
          FROM app_role_permissions AS a
          WHERE NOT (a."IsDeleted") AND a."AppRoleId" = @__roleId_0 AND a."AppPermissionId" = @__permissionId_1)
info: Microsoft.EntityFrameworkCore.Database.Command[20101]
      Executed DbCommand (0ms) [Parameters=[@__roleId_0='?' (DbType = Guid), @__permissionId_1='?' (DbType = Guid)], CommandType='Text', CommandTimeout='30']
      SELECT EXISTS (
          SELECT 1
          FROM app_role_permissions AS a
          WHERE NOT (a."IsDeleted") AND a."AppRoleId" = @__roleId_0 AND a."AppPermissionId" = @__permissionId_1)
info: Microsoft.EntityFrameworkCore.Database.Command[20101]
      Executed DbCommand (0ms) [Parameters=[@__roleId_0='?' (DbType = Guid), @__permissionId_1='?' (DbType = Guid)], CommandType='Text', CommandTimeout='30']
      SELECT EXISTS (
          SELECT 1
          FROM app_role_permissions AS a
          WHERE NOT (a."IsDeleted") AND a."AppRoleId" = @__roleId_0 AND a."AppPermissionId" = @__permissionId_1)
info: Microsoft.EntityFrameworkCore.Database.Command[20101]
      Executed DbCommand (0ms) [Parameters=[@__roleId_0='?' (DbType = Guid), @__permissionId_1='?' (DbType = Guid)], CommandType='Text', CommandTimeout='30']
      SELECT EXISTS (
          SELECT 1
          FROM app_role_permissions AS a
          WHERE NOT (a."IsDeleted") AND a."AppRoleId" = @__roleId_0 AND a."AppPermissionId" = @__permissionId_1)
info: Microsoft.EntityFrameworkCore.Database.Command[20101]
      Executed DbCommand (0ms) [Parameters=[@__roleId_0='?' (DbType = Guid), @__permissionId_1='?' (DbType = Guid)], CommandType='Text', CommandTimeout='30']
      SELECT EXISTS (
          SELECT 1
          FROM app_role_permissions AS a
          WHERE NOT (a."IsDeleted") AND a."AppRoleId" = @__roleId_0 AND a."AppPermissionId" = @__permissionId_1)
info: Microsoft.EntityFrameworkCore.Database.Command[20101]
      Executed DbCommand (0ms) [Parameters=[@__roleId_0='?' (DbType = Guid), @__permissionId_1='?' (DbType = Guid)], CommandType='Text', CommandTimeout='30']
      SELECT EXISTS (
          SELECT 1
          FROM app_role_permissions AS a
          WHERE NOT (a."IsDeleted") AND a."AppRoleId" = @__roleId_0 AND a."AppPermissionId" = @__permissionId_1)
info: Microsoft.EntityFrameworkCore.Database.Command[20101]
      Executed DbCommand (0ms) [Parameters=[@__roleId_0='?' (DbType = Guid), @__permissionId_1='?' (DbType = Guid)], CommandType='Text', CommandTimeout='30']
      SELECT EXISTS (
          SELECT 1
          FROM app_role_permissions AS a
          WHERE NOT (a."IsDeleted") AND a."AppRoleId" = @__roleId_0 AND a."AppPermissionId" = @__permissionId_1)
info: Microsoft.EntityFrameworkCore.Database.Command[20101]
      Executed DbCommand (0ms) [Parameters=[@__roleId_0='?' (DbType = Guid), @__permissionId_1='?' (DbType = Guid)], CommandType='Text', CommandTimeout='30']
      SELECT EXISTS (
          SELECT 1
          FROM app_role_permissions AS a
          WHERE NOT (a."IsDeleted") AND a."AppRoleId" = @__roleId_0 AND a."AppPermissionId" = @__permissionId_1)
info: Microsoft.EntityFrameworkCore.Database.Command[20101]
      Executed DbCommand (0ms) [Parameters=[@__roleId_0='?' (DbType = Guid), @__permissionId_1='?' (DbType = Guid)], CommandType='Text', CommandTimeout='30']
      SELECT EXISTS (
          SELECT 1
          FROM app_role_permissions AS a
          WHERE NOT (a."IsDeleted") AND a."AppRoleId" = @__roleId_0 AND a."AppPermissionId" = @__permissionId_1)
info: Microsoft.EntityFrameworkCore.Database.Command[20101]
      Executed DbCommand (0ms) [Parameters=[@__roleId_0='?' (DbType = Guid), @__permissionId_1='?' (DbType = Guid)], CommandType='Text', CommandTimeout='30']
      SELECT EXISTS (
          SELECT 1
          FROM app_role_permissions AS a
          WHERE NOT (a."IsDeleted") AND a."AppRoleId" = @__roleId_0 AND a."AppPermissionId" = @__permissionId_1)
info: Microsoft.EntityFrameworkCore.Database.Command[20101]
      Executed DbCommand (0ms) [Parameters=[@__roleId_0='?' (DbType = Guid), @__permissionId_1='?' (DbType = Guid)], CommandType='Text', CommandTimeout='30']
      SELECT EXISTS (
          SELECT 1
          FROM app_role_permissions AS a
          WHERE NOT (a."IsDeleted") AND a."AppRoleId" = @__roleId_0 AND a."AppPermissionId" = @__permissionId_1)
info: Microsoft.EntityFrameworkCore.Database.Command[20101]
      Executed DbCommand (2ms) [Parameters=[], CommandType='Text', CommandTimeout='30']
      SELECT EXISTS (
          SELECT 1
          FROM company_profiles AS c
          WHERE NOT (c."IsDeleted"))
info: Microsoft.EntityFrameworkCore.Database.Command[20101]
      Executed DbCommand (1ms) [Parameters=[], CommandType='Text', CommandTimeout='30']
      SELECT EXISTS (
          SELECT 1
          FROM invoice_number_settings AS i
          WHERE NOT (i."IsDeleted"))
info: Microsoft.EntityFrameworkCore.Database.Command[20101]
      Executed DbCommand (1ms) [Parameters=[], CommandType='Text', CommandTimeout='30']
      SELECT EXISTS (
          SELECT 1
          FROM system_settings AS s
          WHERE NOT (s."IsDeleted"))
info: Microsoft.EntityFrameworkCore.Database.Command[20101]
      Executed DbCommand (2ms) [Parameters=[], CommandType='Text', CommandTimeout='30']
      SELECT a."Id", a."CreatedAt", a."CreatedBy", a."DeletedAt", a."DeletedBy", a."DisplayName", a."Email", a."GoogleSubject", a."IsDeleted", a."IsEmailVerified", a."PasswordHash", a."PhoneNumber", a."RowVersion", a."Status", a."UpdatedAt", a."UpdatedBy"
      FROM app_users AS a
      WHERE NOT (a."IsDeleted") AND a."Email" = 'admin@nurturedchoice.co.ke'
      LIMIT 1
info: Microsoft.Hosting.Lifetime[14]
      Now listening on: http://localhost:5276
info: Microsoft.Hosting.Lifetime[0]
      Application started. Press Ctrl+C to shut down.
info: Microsoft.Hosting.Lifetime[0]
      Hosting environment: Production
info: Microsoft.Hosting.Lifetime[0]
      Content root path: C:\Users\user\Documents\THE BEST SALES SYSTEMM\backend\src\NurturedChoice.Api\bin\Debug\net8.0\
warn: Microsoft.AspNetCore.HttpsPolicy.HttpsRedirectionMiddleware[3]
      Failed to determine the https port for redirect.
info: Microsoft.EntityFrameworkCore.Database.Command[20101]
      Executed DbCommand (9ms) [Parameters=[@__userId_Value_0='?' (DbType = Guid), @__permissionKey_1='?'], CommandType='Text', CommandTimeout='30']
      SELECT EXISTS (
          SELECT 1
          FROM app_user_roles AS a
          INNER JOIN (
              SELECT a0."Id", a0."CreatedAt", a0."CreatedBy", a0."DeletedAt", a0."DeletedBy", a0."Description", a0."IsDeleted", a0."Name", a0."RowVersion", a0."Status", a0."UpdatedAt", a0."UpdatedBy"
              FROM app_roles AS a0
              WHERE NOT (a0."IsDeleted")
          ) AS t ON a."AppRoleId" = t."Id"
          WHERE NOT (a."IsDeleted") AND a."AppUserId" = @__userId_Value_0 AND (t."Name" = 'Super Administrator' OR EXISTS (
              SELECT 1
              FROM app_role_permissions AS a1
              WHERE NOT (a1."IsDeleted") AND t."Id" = a1."AppRoleId" AND EXISTS (
                  SELECT 1
                  FROM app_permissions AS a2
                  WHERE NOT (a2."IsDeleted") AND a2."Id" = a1."AppPermissionId" AND a2."Key" = @__permissionKey_1))))
info: Microsoft.EntityFrameworkCore.Database.Command[20101]
      Executed DbCommand (8ms) [Parameters=[@__userId_Value_0='?' (DbType = Guid), @__permissionKey_1='?'], CommandType='Text', CommandTimeout='30']
      SELECT EXISTS (
          SELECT 1
          FROM app_user_roles AS a
          INNER JOIN (
              SELECT a0."Id", a0."CreatedAt", a0."CreatedBy", a0."DeletedAt", a0."DeletedBy", a0."Description", a0."IsDeleted", a0."Name", a0."RowVersion", a0."Status", a0."UpdatedAt", a0."UpdatedBy"
              FROM app_roles AS a0
              WHERE NOT (a0."IsDeleted")
          ) AS t ON a."AppRoleId" = t."Id"
          WHERE NOT (a."IsDeleted") AND a."AppUserId" = @__userId_Value_0 AND (t."Name" = 'Super Administrator' OR EXISTS (
              SELECT 1
              FROM app_role_permissions AS a1
              WHERE NOT (a1."IsDeleted") AND t."Id" = a1."AppRoleId" AND EXISTS (
                  SELECT 1
                  FROM app_permissions AS a2
                  WHERE NOT (a2."IsDeleted") AND a2."Id" = a1."AppPermissionId" AND a2."Key" = @__permissionKey_1))))
info: Microsoft.EntityFrameworkCore.Database.Command[20101]
      Executed DbCommand (9ms) [Parameters=[@__userId_Value_0='?' (DbType = Guid), @__permissionKey_1='?'], CommandType='Text', CommandTimeout='30']
      SELECT EXISTS (
          SELECT 1
          FROM app_user_roles AS a
          INNER JOIN (
              SELECT a0."Id", a0."CreatedAt", a0."CreatedBy", a0."DeletedAt", a0."DeletedBy", a0."Description", a0."IsDeleted", a0."Name", a0."RowVersion", a0."Status", a0."UpdatedAt", a0."UpdatedBy"
              FROM app_roles AS a0
              WHERE NOT (a0."IsDeleted")
          ) AS t ON a."AppRoleId" = t."Id"
          WHERE NOT (a."IsDeleted") AND a."AppUserId" = @__userId_Value_0 AND (t."Name" = 'Super Administrator' OR EXISTS (
              SELECT 1
              FROM app_role_permissions AS a1
              WHERE NOT (a1."IsDeleted") AND t."Id" = a1."AppRoleId" AND EXISTS (
                  SELECT 1
                  FROM app_permissions AS a2
                  WHERE NOT (a2."IsDeleted") AND a2."Id" = a1."AppPermissionId" AND a2."Key" = @__permissionKey_1))))
info: Microsoft.EntityFrameworkCore.Database.Command[20101]
      Executed DbCommand (8ms) [Parameters=[@__userId_Value_0='?' (DbType = Guid), @__permissionKey_1='?'], CommandType='Text', CommandTimeout='30']
      SELECT EXISTS (
          SELECT 1
          FROM app_user_roles AS a
          INNER JOIN (
              SELECT a0."Id", a0."CreatedAt", a0."CreatedBy", a0."DeletedAt", a0."DeletedBy", a0."Description", a0."IsDeleted", a0."Name", a0."RowVersion", a0."Status", a0."UpdatedAt", a0."UpdatedBy"
              FROM app_roles AS a0
              WHERE NOT (a0."IsDeleted")
          ) AS t ON a."AppRoleId" = t."Id"
          WHERE NOT (a."IsDeleted") AND a."AppUserId" = @__userId_Value_0 AND (t."Name" = 'Super Administrator' OR EXISTS (
              SELECT 1
              FROM app_role_permissions AS a1
              WHERE NOT (a1."IsDeleted") AND t."Id" = a1."AppRoleId" AND EXISTS (
                  SELECT 1
                  FROM app_permissions AS a2
                  WHERE NOT (a2."IsDeleted") AND a2."Id" = a1."AppPermissionId" AND a2."Key" = @__permissionKey_1))))
info: Microsoft.EntityFrameworkCore.Database.Command[20101]
      Executed DbCommand (7ms) [Parameters=[@__userId_Value_0='?' (DbType = Guid), @__permissionKey_1='?'], CommandType='Text', CommandTimeout='30']
      SELECT EXISTS (
          SELECT 1
          FROM app_user_roles AS a
          INNER JOIN (
              SELECT a0."Id", a0."CreatedAt", a0."CreatedBy", a0."DeletedAt", a0."DeletedBy", a0."Description", a0."IsDeleted", a0."Name", a0."RowVersion", a0."Status", a0."UpdatedAt", a0."UpdatedBy"
              FROM app_roles AS a0
              WHERE NOT (a0."IsDeleted")
          ) AS t ON a."AppRoleId" = t."Id"
          WHERE NOT (a."IsDeleted") AND a."AppUserId" = @__userId_Value_0 AND (t."Name" = 'Super Administrator' OR EXISTS (
              SELECT 1
              FROM app_role_permissions AS a1
              WHERE NOT (a1."IsDeleted") AND t."Id" = a1."AppRoleId" AND EXISTS (
                  SELECT 1
                  FROM app_permissions AS a2
                  WHERE NOT (a2."IsDeleted") AND a2."Id" = a1."AppPermissionId" AND a2."Key" = @__permissionKey_1))))
info: Microsoft.EntityFrameworkCore.Database.Command[20101]
      Executed DbCommand (7ms) [Parameters=[@__p_0='?' (DbType = Int32)], CommandType='Text', CommandTimeout='30']
      SELECT i."InvoiceNumber", i."CreatedAt"
      FROM invoices AS i
      WHERE NOT (i."IsDeleted")
      ORDER BY i."CreatedAt" DESC
      LIMIT @__p_0
info: Microsoft.EntityFrameworkCore.Database.Command[20101]
      Executed DbCommand (8ms) [Parameters=[], CommandType='Text', CommandTimeout='30']
      SELECT COALESCE(sum(i."GrandTotal"), 0.0)
      FROM invoices AS i
      WHERE NOT (i."IsDeleted") AND i."Status" NOT IN (4, 0)
info: Microsoft.EntityFrameworkCore.Database.Command[20101]
      Executed DbCommand (12ms) [Parameters=[@__start_0='?' (DbType = Date)], CommandType='Text', CommandTimeout='30']
      SELECT t."Year", t."Month", COALESCE(sum(t."GrandTotal"), 0.0) AS "Sales"
      FROM (
          SELECT i."GrandTotal", date_part('year', i."InvoiceDate")::int AS "Year", date_part('month', i."InvoiceDate")::int AS "Month"
          FROM invoices AS i
          WHERE NOT (i."IsDeleted") AND i."InvoiceDate" >= @__start_0 AND i."Status" <> 4 AND i."Status" <> 0
      ) AS t
      GROUP BY t."Year", t."Month"
info: Microsoft.EntityFrameworkCore.Database.Command[20101]
      Executed DbCommand (3ms) [Parameters=[@__today_0='?' (DbType = Date)], CommandType='Text', CommandTimeout='30']
      SELECT COALESCE(sum(i."GrandTotal"), 0.0)
      FROM invoices AS i
      WHERE NOT (i."IsDeleted") AND i."Status" NOT IN (4, 0) AND i."InvoiceDate" = @__today_0
info: Microsoft.EntityFrameworkCore.Database.Command[20101]
      Executed DbCommand (3ms) [Parameters=[@__monthStart_0='?' (DbType = Date)], CommandType='Text', CommandTimeout='30']
      SELECT COALESCE(sum(i."GrandTotal"), 0.0)
      FROM invoices AS i
      WHERE NOT (i."IsDeleted") AND i."Status" NOT IN (4, 0) AND i."InvoiceDate" >= @__monthStart_0
info: Microsoft.EntityFrameworkCore.Database.Command[20101]
      Executed DbCommand (1ms) [Parameters=[@__yearStart_0='?' (DbType = Date)], CommandType='Text', CommandTimeout='30']
      SELECT COALESCE(sum(i."GrandTotal"), 0.0)
      FROM invoices AS i
      WHERE NOT (i."IsDeleted") AND i."Status" NOT IN (4, 0) AND i."InvoiceDate" >= @__yearStart_0
info: Microsoft.EntityFrameworkCore.Database.Command[20101]
      Executed DbCommand (1ms) [Parameters=[], CommandType='Text', CommandTimeout='30']
      SELECT COALESCE(sum(i."GrandTotal"), 0.0)
      FROM invoices AS i
      WHERE NOT (i."IsDeleted") AND i."Status" NOT IN (4, 0) AND i."Status" <> 3
info: Microsoft.EntityFrameworkCore.Database.Command[20101]
      Executed DbCommand (5ms) [Parameters=[], CommandType='Text', CommandTimeout='30']
      SELECT count(*)::int
      FROM parent_groups AS p
      WHERE NOT (p."IsDeleted")
info: Microsoft.EntityFrameworkCore.Database.Command[20101]
      Executed DbCommand (2ms) [Parameters=[], CommandType='Text', CommandTimeout='30']
      SELECT count(*)::int
      FROM parent_groups AS p
      WHERE NOT (p."IsDeleted")
info: Microsoft.EntityFrameworkCore.Database.Command[20101]
      Executed DbCommand (4ms) [Parameters=[], CommandType='Text', CommandTimeout='30']
      SELECT count(*)::int
      FROM branches AS b
      WHERE NOT (b."IsDeleted")
info: Microsoft.EntityFrameworkCore.Database.Command[20101]
      Executed DbCommand (5ms) [Parameters=[], CommandType='Text', CommandTimeout='30']
      SELECT count(*)::int
      FROM products AS p
      WHERE NOT (p."IsDeleted")
fail: Microsoft.AspNetCore.Diagnostics.ExceptionHandlerMiddleware[1]
      An unhandled exception has occurred while executing the request.
      System.InvalidOperationException: The LINQ expression 'DbSet<Invoice>()
          .Where(i => !(i.IsDeleted))
          .Where(i => (int)i.Status != 4 && (int)i.Status != 0)
          .Join(
              inner: DbSet<ParentGroup>()
                  .Where(p => !(p.IsDeleted)), 
              outerKeySelector: i => EF.Property<Guid?>(i, "ParentGroupId"), 
              innerKeySelector: p => EF.Property<Guid?>(p, "Id"), 
              resultSelector: (o, i) => new TransparentIdentifier<Invoice, ParentGroup>(
                  Outer = o, 
                  Inner = i
              ))
          .GroupBy(i => i.Inner.CompanyName)
          .Select(g => new CustomerRevenueDto(
              g.Key, 
              g
                  .AsQueryable()
                  .Sum(e => e.Outer.GrandTotal)
          ))
          .OrderByDescending(e0 => e0.Revenue)' could not be translated. Either rewrite the query in a form that can be translated, or switch to client evaluation explicitly by inserting a call to 'AsEnumerable', 'AsAsyncEnumerable', 'ToList', or 'ToListAsync'. See https://go.microsoft.com/fwlink/?linkid=2101038 for more information.
         at Microsoft.EntityFrameworkCore.Query.QueryableMethodTranslatingExpressionVisitor.Translate(Expression expression)
         at Microsoft.EntityFrameworkCore.Query.RelationalQueryableMethodTranslatingExpressionVisitor.Translate(Expression expression)
         at Microsoft.EntityFrameworkCore.Query.QueryCompilationContext.CreateQueryExecutor[TResult](Expression query)
         at Microsoft.EntityFrameworkCore.Storage.Database.CompileQuery[TResult](Expression query, Boolean async)
         at Microsoft.EntityFrameworkCore.Query.Internal.QueryCompiler.CompileQueryCore[TResult](IDatabase database, Expression query, IModel model, Boolean async)
         at Microsoft.EntityFrameworkCore.Query.Internal.QueryCompiler.<>c__DisplayClass12_0`1.<ExecuteAsync>b__0()
         at Microsoft.EntityFrameworkCore.Query.Internal.CompiledQueryCache.GetOrAddQuery[TResult](Object cacheKey, Func`1 compiler)
         at Microsoft.EntityFrameworkCore.Query.Internal.QueryCompiler.ExecuteAsync[TResult](Expression query, CancellationToken cancellationToken)
         at Microsoft.EntityFrameworkCore.Query.Internal.EntityQueryProvider.ExecuteAsync[TResult](Expression expression, CancellationToken cancellationToken)
         at Microsoft.EntityFrameworkCore.Query.Internal.EntityQueryable`1.GetAsyncEnumerator(CancellationToken cancellationToken)
         at System.Runtime.CompilerServices.ConfiguredCancelableAsyncEnumerable`1.GetAsyncEnumerator()
         at Microsoft.EntityFrameworkCore.EntityFrameworkQueryableExtensions.ToListAsync[TSource](IQueryable`1 source, CancellationToken cancellationToken)
         at NurturedChoice.Infrastructure.Services.DashboardService.GetCustomerRevenueAsync(CancellationToken ct) in C:\Users\user\Documents\THE BEST SALES SYSTEMM\backend\src\NurturedChoice.Infrastructure\Services\DashboardService.cs:line 40
         at lambda_method445(Closure, Object)
         at Microsoft.AspNetCore.Mvc.Infrastructure.ActionMethodExecutor.AwaitableObjectResultExecutor.Execute(ActionContext actionContext, IActionResultTypeMapper mapper, ObjectMethodExecutor executor, Object controller, Object[] arguments)
         at Microsoft.AspNetCore.Mvc.Infrastructure.ControllerActionInvoker.<InvokeActionMethodAsync>g__Awaited|12_0(ControllerActionInvoker invoker, ValueTask`1 actionResultValueTask)
         at Microsoft.AspNetCore.Mvc.Infrastructure.ControllerActionInvoker.<InvokeNextActionFilterAsync>g__Awaited|10_0(ControllerActionInvoker invoker, Task lastTask, State next, Scope scope, Object state, Boolean isCompleted)
         at Microsoft.AspNetCore.Mvc.Infrastructure.ControllerActionInvoker.Rethrow(ActionExecutedContextSealed context)
         at Microsoft.AspNetCore.Mvc.Infrastructure.ControllerActionInvoker.Next(State& next, Scope& scope, Object& state, Boolean& isCompleted)
         at Microsoft.AspNetCore.Mvc.Infrastructure.ControllerActionInvoker.<InvokeInnerFilterAsync>g__Awaited|13_0(ControllerActionInvoker invoker, Task lastTask, State next, Scope scope, Object state, Boolean isCompleted)
         at Microsoft.AspNetCore.Mvc.Infrastructure.ResourceInvoker.<InvokeFilterPipelineAsync>g__Awaited|20_0(ResourceInvoker invoker, Task lastTask, State next, Scope scope, Object state, Boolean isCompleted)
         at Microsoft.AspNetCore.Mvc.Infrastructure.ResourceInvoker.<InvokeAsync>g__Awaited|17_0(ResourceInvoker invoker, Task task, IDisposable scope)
         at Microsoft.AspNetCore.Mvc.Infrastructure.ResourceInvoker.<InvokeAsync>g__Awaited|17_0(ResourceInvoker invoker, Task task, IDisposable scope)
         at Microsoft.AspNetCore.Authorization.AuthorizationMiddleware.Invoke(HttpContext context)
         at Microsoft.AspNetCore.Authentication.AuthenticationMiddleware.Invoke(HttpContext context)
         at Microsoft.AspNetCore.Diagnostics.ExceptionHandlerMiddlewareImpl.<Invoke>g__Awaited|10_0(ExceptionHandlerMiddlewareImpl middleware, HttpContext context, Task task)
fail: Microsoft.AspNetCore.Diagnostics.ExceptionHandlerMiddleware[1]
      An unhandled exception has occurred while executing the request.
      System.InvalidOperationException: The LINQ expression 'DbSet<InvoiceItem>()
          .Where(i => !(i.IsDeleted))
          .Join(
              inner: DbSet<Invoice>()
                  .Where(i0 => !(i0.IsDeleted))
                  .Where(i0 => (int)i0.Status != 4 && (int)i0.Status != 0), 
              outerKeySelector: i => (object)i.InvoiceId, 
              innerKeySelector: i0 => (object)i0.Id, 
              resultSelector: (i, i0) => new TransparentIdentifier<InvoiceItem, Invoice>(
                  Outer = i, 
                  Inner = i0
              ))
          .GroupBy(ti => ti.Outer.ItemName)
          .Select(g => new ProductPerformanceDto(
              g.Key, 
              g
                  .AsQueryable()
                  .Sum(e => e.Outer.Quantity), 
              g
                  .AsQueryable()
                  .Sum(e => e.Outer.LineTotal)
          ))
          .OrderByDescending(e0 => e0.Revenue)' could not be translated. Either rewrite the query in a form that can be translated, or switch to client evaluation explicitly by inserting a call to 'AsEnumerable', 'AsAsyncEnumerable', 'ToList', or 'ToListAsync'. See https://go.microsoft.com/fwlink/?linkid=2101038 for more information.
         at Microsoft.EntityFrameworkCore.Query.QueryableMethodTranslatingExpressionVisitor.Translate(Expression expression)
         at Microsoft.EntityFrameworkCore.Query.RelationalQueryableMethodTranslatingExpressionVisitor.Translate(Expression expression)
         at Microsoft.EntityFrameworkCore.Query.QueryCompilationContext.CreateQueryExecutor[TResult](Expression query)
         at Microsoft.EntityFrameworkCore.Storage.Database.CompileQuery[TResult](Expression query, Boolean async)
         at Microsoft.EntityFrameworkCore.Query.Internal.QueryCompiler.CompileQueryCore[TResult](IDatabase database, Expression query, IModel model, Boolean async)
         at Microsoft.EntityFrameworkCore.Query.Internal.QueryCompiler.<>c__DisplayClass12_0`1.<ExecuteAsync>b__0()
         at Microsoft.EntityFrameworkCore.Query.Internal.CompiledQueryCache.GetOrAddQuery[TResult](Object cacheKey, Func`1 compiler)
         at Microsoft.EntityFrameworkCore.Query.Internal.QueryCompiler.ExecuteAsync[TResult](Expression query, CancellationToken cancellationToken)
         at Microsoft.EntityFrameworkCore.Query.Internal.EntityQueryProvider.ExecuteAsync[TResult](Expression expression, CancellationToken cancellationToken)
         at Microsoft.EntityFrameworkCore.Query.Internal.EntityQueryable`1.GetAsyncEnumerator(CancellationToken cancellationToken)
         at System.Runtime.CompilerServices.ConfiguredCancelableAsyncEnumerable`1.GetAsyncEnumerator()
         at Microsoft.EntityFrameworkCore.EntityFrameworkQueryableExtensions.ToListAsync[TSource](IQueryable`1 source, CancellationToken cancellationToken)
         at NurturedChoice.Infrastructure.Services.DashboardService.GetProductPerformanceAsync(CancellationToken ct) in C:\Users\user\Documents\THE BEST SALES SYSTEMM\backend\src\NurturedChoice.Infrastructure\Services\DashboardService.cs:line 39
         at lambda_method443(Closure, Object)
         at Microsoft.AspNetCore.Mvc.Infrastructure.ActionMethodExecutor.AwaitableObjectResultExecutor.Execute(ActionContext actionContext, IActionResultTypeMapper mapper, ObjectMethodExecutor executor, Object controller, Object[] arguments)
         at Microsoft.AspNetCore.Mvc.Infrastructure.ControllerActionInvoker.<InvokeActionMethodAsync>g__Awaited|12_0(ControllerActionInvoker invoker, ValueTask`1 actionResultValueTask)
         at Microsoft.AspNetCore.Mvc.Infrastructure.ControllerActionInvoker.<InvokeNextActionFilterAsync>g__Awaited|10_0(ControllerActionInvoker invoker, Task lastTask, State next, Scope scope, Object state, Boolean isCompleted)
         at Microsoft.AspNetCore.Mvc.Infrastructure.ControllerActionInvoker.Rethrow(ActionExecutedContextSealed context)
         at Microsoft.AspNetCore.Mvc.Infrastructure.ControllerActionInvoker.Next(State& next, Scope& scope, Object& state, Boolean& isCompleted)
         at Microsoft.AspNetCore.Mvc.Infrastructure.ControllerActionInvoker.<InvokeInnerFilterAsync>g__Awaited|13_0(ControllerActionInvoker invoker, Task lastTask, State next, Scope scope, Object state, Boolean isCompleted)
         at Microsoft.AspNetCore.Mvc.Infrastructure.ResourceInvoker.<InvokeFilterPipelineAsync>g__Awaited|20_0(ResourceInvoker invoker, Task lastTask, State next, Scope scope, Object state, Boolean isCompleted)
         at Microsoft.AspNetCore.Mvc.Infrastructure.ResourceInvoker.<InvokeAsync>g__Awaited|17_0(ResourceInvoker invoker, Task task, IDisposable scope)
         at Microsoft.AspNetCore.Mvc.Infrastructure.ResourceInvoker.<InvokeAsync>g__Awaited|17_0(ResourceInvoker invoker, Task task, IDisposable scope)
         at Microsoft.AspNetCore.Authorization.AuthorizationMiddleware.Invoke(HttpContext context)
         at Microsoft.AspNetCore.Authentication.AuthenticationMiddleware.Invoke(HttpContext context)
         at Microsoft.AspNetCore.Diagnostics.ExceptionHandlerMiddlewareImpl.<Invoke>g__Awaited|10_0(ExceptionHandlerMiddlewareImpl middleware, HttpContext context, Task task)
info: Microsoft.EntityFrameworkCore.Database.Command[20101]
      Executed DbCommand (3ms) [Parameters=[], CommandType='Text', CommandTimeout='30']
      SELECT COALESCE(sum(s."QuantityOnHand"), 0.0)
      FROM stock_balances AS s
      WHERE NOT (s."IsDeleted")
fail: GlobalExceptionHandler[0]
      Unhandled request failure for GET /api/v1/dashboard/customer-revenue
      System.InvalidOperationException: The LINQ expression 'DbSet<Invoice>()
          .Where(i => !(i.IsDeleted))
          .Where(i => (int)i.Status != 4 && (int)i.Status != 0)
          .Join(
              inner: DbSet<ParentGroup>()
                  .Where(p => !(p.IsDeleted)), 
              outerKeySelector: i => EF.Property<Guid?>(i, "ParentGroupId"), 
              innerKeySelector: p => EF.Property<Guid?>(p, "Id"), 
              resultSelector: (o, i) => new TransparentIdentifier<Invoice, ParentGroup>(
                  Outer = o, 
                  Inner = i
              ))
          .GroupBy(i => i.Inner.CompanyName)
          .Select(g => new CustomerRevenueDto(
              g.Key, 
              g
                  .AsQueryable()
                  .Sum(e => e.Outer.GrandTotal)
          ))
          .OrderByDescending(e0 => e0.Revenue)' could not be translated. Either rewrite the query in a form that can be translated, or switch to client evaluation explicitly by inserting a call to 'AsEnumerable', 'AsAsyncEnumerable', 'ToList', or 'ToListAsync'. See https://go.microsoft.com/fwlink/?linkid=2101038 for more information.
         at Microsoft.EntityFrameworkCore.Query.QueryableMethodTranslatingExpressionVisitor.Translate(Expression expression)
         at Microsoft.EntityFrameworkCore.Query.RelationalQueryableMethodTranslatingExpressionVisitor.Translate(Expression expression)
         at Microsoft.EntityFrameworkCore.Query.QueryCompilationContext.CreateQueryExecutor[TResult](Expression query)
         at Microsoft.EntityFrameworkCore.Storage.Database.CompileQuery[TResult](Expression query, Boolean async)
         at Microsoft.EntityFrameworkCore.Query.Internal.QueryCompiler.CompileQueryCore[TResult](IDatabase database, Expression query, IModel model, Boolean async)
         at Microsoft.EntityFrameworkCore.Query.Internal.QueryCompiler.<>c__DisplayClass12_0`1.<ExecuteAsync>b__0()
         at Microsoft.EntityFrameworkCore.Query.Internal.CompiledQueryCache.GetOrAddQuery[TResult](Object cacheKey, Func`1 compiler)
         at Microsoft.EntityFrameworkCore.Query.Internal.QueryCompiler.ExecuteAsync[TResult](Expression query, CancellationToken cancellationToken)
         at Microsoft.EntityFrameworkCore.Query.Internal.EntityQueryProvider.ExecuteAsync[TResult](Expression expression, CancellationToken cancellationToken)
         at Microsoft.EntityFrameworkCore.Query.Internal.EntityQueryable`1.GetAsyncEnumerator(CancellationToken cancellationToken)
         at System.Runtime.CompilerServices.ConfiguredCancelableAsyncEnumerable`1.GetAsyncEnumerator()
         at Microsoft.EntityFrameworkCore.EntityFrameworkQueryableExtensions.ToListAsync[TSource](IQueryable`1 source, CancellationToken cancellationToken)
         at NurturedChoice.Infrastructure.Services.DashboardService.GetCustomerRevenueAsync(CancellationToken ct) in C:\Users\user\Documents\THE BEST SALES SYSTEMM\backend\src\NurturedChoice.Infrastructure\Services\DashboardService.cs:line 40
         at lambda_method445(Closure, Object)
         at Microsoft.AspNetCore.Mvc.Infrastructure.ActionMethodExecutor.AwaitableObjectResultExecutor.Execute(ActionContext actionContext, IActionResultTypeMapper mapper, ObjectMethodExecutor executor, Object controller, Object[] arguments)
         at Microsoft.AspNetCore.Mvc.Infrastructure.ControllerActionInvoker.<InvokeActionMethodAsync>g__Awaited|12_0(ControllerActionInvoker invoker, ValueTask`1 actionResultValueTask)
         at Microsoft.AspNetCore.Mvc.Infrastructure.ControllerActionInvoker.<InvokeNextActionFilterAsync>g__Awaited|10_0(ControllerActionInvoker invoker, Task lastTask, State next, Scope scope, Object state, Boolean isCompleted)
         at Microsoft.AspNetCore.Mvc.Infrastructure.ControllerActionInvoker.Rethrow(ActionExecutedContextSealed context)
         at Microsoft.AspNetCore.Mvc.Infrastructure.ControllerActionInvoker.Next(State& next, Scope& scope, Object& state, Boolean& isCompleted)
         at Microsoft.AspNetCore.Mvc.Infrastructure.ControllerActionInvoker.<InvokeInnerFilterAsync>g__Awaited|13_0(ControllerActionInvoker invoker, Task lastTask, State next, Scope scope, Object state, Boolean isCompleted)
         at Microsoft.AspNetCore.Mvc.Infrastructure.ResourceInvoker.<InvokeFilterPipelineAsync>g__Awaited|20_0(ResourceInvoker invoker, Task lastTask, State next, Scope scope, Object state, Boolean isCompleted)
         at Microsoft.AspNetCore.Mvc.Infrastructure.ResourceInvoker.<InvokeAsync>g__Awaited|17_0(ResourceInvoker invoker, Task task, IDisposable scope)
         at Microsoft.AspNetCore.Mvc.Infrastructure.ResourceInvoker.<InvokeAsync>g__Awaited|17_0(ResourceInvoker invoker, Task task, IDisposable scope)
         at Microsoft.AspNetCore.Authorization.AuthorizationMiddleware.Invoke(HttpContext context)
         at Microsoft.AspNetCore.Authentication.AuthenticationMiddleware.Invoke(HttpContext context)
         at Microsoft.AspNetCore.Diagnostics.ExceptionHandlerMiddlewareImpl.<Invoke>g__Awaited|10_0(ExceptionHandlerMiddlewareImpl middleware, HttpContext context, Task task)
fail: GlobalExceptionHandler[0]
      Unhandled request failure for GET /api/v1/dashboard/product-performance
      System.InvalidOperationException: The LINQ expression 'DbSet<InvoiceItem>()
          .Where(i => !(i.IsDeleted))
          .Join(
              inner: DbSet<Invoice>()
                  .Where(i0 => !(i0.IsDeleted))
                  .Where(i0 => (int)i0.Status != 4 && (int)i0.Status != 0), 
              outerKeySelector: i => (object)i.InvoiceId, 
              innerKeySelector: i0 => (object)i0.Id, 
              resultSelector: (i, i0) => new TransparentIdentifier<InvoiceItem, Invoice>(
                  Outer = i, 
                  Inner = i0
              ))
          .GroupBy(ti => ti.Outer.ItemName)
          .Select(g => new ProductPerformanceDto(
              g.Key, 
              g
                  .AsQueryable()
                  .Sum(e => e.Outer.Quantity), 
              g
                  .AsQueryable()
                  .Sum(e => e.Outer.LineTotal)
          ))
          .OrderByDescending(e0 => e0.Revenue)' could not be translated. Either rewrite the query in a form that can be translated, or switch to client evaluation explicitly by inserting a call to 'AsEnumerable', 'AsAsyncEnumerable', 'ToList', or 'ToListAsync'. See https://go.microsoft.com/fwlink/?linkid=2101038 for more information.
         at Microsoft.EntityFrameworkCore.Query.QueryableMethodTranslatingExpressionVisitor.Translate(Expression expression)
         at Microsoft.EntityFrameworkCore.Query.RelationalQueryableMethodTranslatingExpressionVisitor.Translate(Expression expression)
         at Microsoft.EntityFrameworkCore.Query.QueryCompilationContext.CreateQueryExecutor[TResult](Expression query)
         at Microsoft.EntityFrameworkCore.Storage.Database.CompileQuery[TResult](Expression query, Boolean async)
         at Microsoft.EntityFrameworkCore.Query.Internal.QueryCompiler.CompileQueryCore[TResult](IDatabase database, Expression query, IModel model, Boolean async)
         at Microsoft.EntityFrameworkCore.Query.Internal.QueryCompiler.<>c__DisplayClass12_0`1.<ExecuteAsync>b__0()
         at Microsoft.EntityFrameworkCore.Query.Internal.CompiledQueryCache.GetOrAddQuery[TResult](Object cacheKey, Func`1 compiler)
         at Microsoft.EntityFrameworkCore.Query.Internal.QueryCompiler.ExecuteAsync[TResult](Expression query, CancellationToken cancellationToken)
         at Microsoft.EntityFrameworkCore.Query.Internal.EntityQueryProvider.ExecuteAsync[TResult](Expression expression, CancellationToken cancellationToken)
         at Microsoft.EntityFrameworkCore.Query.Internal.EntityQueryable`1.GetAsyncEnumerator(CancellationToken cancellationToken)
         at System.Runtime.CompilerServices.ConfiguredCancelableAsyncEnumerable`1.GetAsyncEnumerator()
         at Microsoft.EntityFrameworkCore.EntityFrameworkQueryableExtensions.ToListAsync[TSource](IQueryable`1 source, CancellationToken cancellationToken)
         at NurturedChoice.Infrastructure.Services.DashboardService.GetProductPerformanceAsync(CancellationToken ct) in C:\Users\user\Documents\THE BEST SALES SYSTEMM\backend\src\NurturedChoice.Infrastructure\Services\DashboardService.cs:line 39
         at lambda_method443(Closure, Object)
         at Microsoft.AspNetCore.Mvc.Infrastructure.ActionMethodExecutor.AwaitableObjectResultExecutor.Execute(ActionContext actionContext, IActionResultTypeMapper mapper, ObjectMethodExecutor executor, Object controller, Object[] arguments)
         at Microsoft.AspNetCore.Mvc.Infrastructure.ControllerActionInvoker.<InvokeActionMethodAsync>g__Awaited|12_0(ControllerActionInvoker invoker, ValueTask`1 actionResultValueTask)
         at Microsoft.AspNetCore.Mvc.Infrastructure.ControllerActionInvoker.<InvokeNextActionFilterAsync>g__Awaited|10_0(ControllerActionInvoker invoker, Task lastTask, State next, Scope scope, Object state, Boolean isCompleted)
         at Microsoft.AspNetCore.Mvc.Infrastructure.ControllerActionInvoker.Rethrow(ActionExecutedContextSealed context)
         at Microsoft.AspNetCore.Mvc.Infrastructure.ControllerActionInvoker.Next(State& next, Scope& scope, Object& state, Boolean& isCompleted)
         at Microsoft.AspNetCore.Mvc.Infrastructure.ControllerActionInvoker.<InvokeInnerFilterAsync>g__Awaited|13_0(ControllerActionInvoker invoker, Task lastTask, State next, Scope scope, Object state, Boolean isCompleted)
         at Microsoft.AspNetCore.Mvc.Infrastructure.ResourceInvoker.<InvokeFilterPipelineAsync>g__Awaited|20_0(ResourceInvoker invoker, Task lastTask, State next, Scope scope, Object state, Boolean isCompleted)
         at Microsoft.AspNetCore.Mvc.Infrastructure.ResourceInvoker.<InvokeAsync>g__Awaited|17_0(ResourceInvoker invoker, Task task, IDisposable scope)
         at Microsoft.AspNetCore.Mvc.Infrastructure.ResourceInvoker.<InvokeAsync>g__Awaited|17_0(ResourceInvoker invoker, Task task, IDisposable scope)
         at Microsoft.AspNetCore.Authorization.AuthorizationMiddleware.Invoke(HttpContext context)
         at Microsoft.AspNetCore.Authentication.AuthenticationMiddleware.Invoke(HttpContext context)
         at Microsoft.AspNetCore.Diagnostics.ExceptionHandlerMiddlewareImpl.<Invoke>g__Awaited|10_0(ExceptionHandlerMiddlewareImpl middleware, HttpContext context, Task task)
info: Microsoft.EntityFrameworkCore.Database.Command[20101]
      Executed DbCommand (3ms) [Parameters=[], CommandType='Text', CommandTimeout='30']
      SELECT count(*)::int
      FROM products AS p
      WHERE NOT (p."IsDeleted") AND p."CurrentStock" <= p."MinimumStock"
info: Microsoft.EntityFrameworkCore.Database.Command[20101]
      Executed DbCommand (1ms) [Parameters=[], CommandType='Text', CommandTimeout='30']
      SELECT count(*)::int
      FROM invoices AS i
      WHERE NOT (i."IsDeleted") AND i."Status" NOT IN (4, 0)
info: Microsoft.EntityFrameworkCore.Database.Command[20101]
      Executed DbCommand (2ms) [Parameters=[], CommandType='Text', CommandTimeout='30']
      SELECT count(*)::int
      FROM statements AS s
      WHERE NOT (s."IsDeleted")
info: Microsoft.EntityFrameworkCore.Database.Command[20101]
      Executed DbCommand (3ms) [Parameters=[], CommandType='Text', CommandTimeout='30']
      SELECT count(*)::int
      FROM credit_notes AS c
      WHERE NOT (c."IsDeleted")
info: Microsoft.EntityFrameworkCore.Database.Command[20101]
      Executed DbCommand (1ms) [Parameters=[@__userId_Value_0='?' (DbType = Guid), @__permissionKey_1='?'], CommandType='Text', CommandTimeout='30']
      SELECT EXISTS (
          SELECT 1
          FROM app_user_roles AS a
          INNER JOIN (
              SELECT a0."Id", a0."CreatedAt", a0."CreatedBy", a0."DeletedAt", a0."DeletedBy", a0."Description", a0."IsDeleted", a0."Name", a0."RowVersion", a0."Status", a0."UpdatedAt", a0."UpdatedBy"
              FROM app_roles AS a0
              WHERE NOT (a0."IsDeleted")
          ) AS t ON a."AppRoleId" = t."Id"
          WHERE NOT (a."IsDeleted") AND a."AppUserId" = @__userId_Value_0 AND (t."Name" = 'Super Administrator' OR EXISTS (
              SELECT 1
              FROM app_role_permissions AS a1
              WHERE NOT (a1."IsDeleted") AND t."Id" = a1."AppRoleId" AND EXISTS (
                  SELECT 1
                  FROM app_permissions AS a2
                  WHERE NOT (a2."IsDeleted") AND a2."Id" = a1."AppPermissionId" AND a2."Key" = @__permissionKey_1))))
info: Microsoft.EntityFrameworkCore.Database.Command[20101]
      Executed DbCommand (1ms) [Parameters=[@__userId_Value_0='?' (DbType = Guid), @__permissionKey_1='?'], CommandType='Text', CommandTimeout='30']
      SELECT EXISTS (
          SELECT 1
          FROM app_user_roles AS a
          INNER JOIN (
              SELECT a0."Id", a0."CreatedAt", a0."CreatedBy", a0."DeletedAt", a0."DeletedBy", a0."Description", a0."IsDeleted", a0."Name", a0."RowVersion", a0."Status", a0."UpdatedAt", a0."UpdatedBy"
              FROM app_roles AS a0
              WHERE NOT (a0."IsDeleted")
          ) AS t ON a."AppRoleId" = t."Id"
          WHERE NOT (a."IsDeleted") AND a."AppUserId" = @__userId_Value_0 AND (t."Name" = 'Super Administrator' OR EXISTS (
              SELECT 1
              FROM app_role_permissions AS a1
              WHERE NOT (a1."IsDeleted") AND t."Id" = a1."AppRoleId" AND EXISTS (
                  SELECT 1
                  FROM app_permissions AS a2
                  WHERE NOT (a2."IsDeleted") AND a2."Id" = a1."AppPermissionId" AND a2."Key" = @__permissionKey_1))))
fail: Microsoft.AspNetCore.Diagnostics.ExceptionHandlerMiddleware[1]
      An unhandled exception has occurred while executing the request.
      System.InvalidOperationException: The LINQ expression 'DbSet<InvoiceItem>()
          .Where(i => !(i.IsDeleted))
          .Join(
              inner: DbSet<Invoice>()
                  .Where(i0 => !(i0.IsDeleted))
                  .Where(i0 => (int)i0.Status != 4 && (int)i0.Status != 0), 
              outerKeySelector: i => (object)i.InvoiceId, 
              innerKeySelector: i0 => (object)i0.Id, 
              resultSelector: (i, i0) => new TransparentIdentifier<InvoiceItem, Invoice>(
                  Outer = i, 
                  Inner = i0
              ))
          .GroupBy(ti => ti.Outer.ItemName)
          .Select(g => new ProductPerformanceDto(
              g.Key, 
              g
                  .AsQueryable()
                  .Sum(e => e.Outer.Quantity), 
              g
                  .AsQueryable()
                  .Sum(e => e.Outer.LineTotal)
          ))
          .OrderByDescending(e0 => e0.Revenue)' could not be translated. Either rewrite the query in a form that can be translated, or switch to client evaluation explicitly by inserting a call to 'AsEnumerable', 'AsAsyncEnumerable', 'ToList', or 'ToListAsync'. See https://go.microsoft.com/fwlink/?linkid=2101038 for more information.
         at Microsoft.EntityFrameworkCore.Query.QueryableMethodTranslatingExpressionVisitor.Translate(Expression expression)
         at Microsoft.EntityFrameworkCore.Query.RelationalQueryableMethodTranslatingExpressionVisitor.Translate(Expression expression)
         at Microsoft.EntityFrameworkCore.Query.QueryCompilationContext.CreateQueryExecutor[TResult](Expression query)
         at Microsoft.EntityFrameworkCore.Storage.Database.CompileQuery[TResult](Expression query, Boolean async)
         at Microsoft.EntityFrameworkCore.Query.Internal.QueryCompiler.CompileQueryCore[TResult](IDatabase database, Expression query, IModel model, Boolean async)
         at Microsoft.EntityFrameworkCore.Query.Internal.QueryCompiler.<>c__DisplayClass12_0`1.<ExecuteAsync>b__0()
         at Microsoft.EntityFrameworkCore.Query.Internal.CompiledQueryCache.GetOrAddQuery[TResult](Object cacheKey, Func`1 compiler)
         at Microsoft.EntityFrameworkCore.Query.Internal.QueryCompiler.ExecuteAsync[TResult](Expression query, CancellationToken cancellationToken)
         at Microsoft.EntityFrameworkCore.Query.Internal.EntityQueryProvider.ExecuteAsync[TResult](Expression expression, CancellationToken cancellationToken)
         at Microsoft.EntityFrameworkCore.Query.Internal.EntityQueryable`1.GetAsyncEnumerator(CancellationToken cancellationToken)
         at System.Runtime.CompilerServices.ConfiguredCancelableAsyncEnumerable`1.GetAsyncEnumerator()
         at Microsoft.EntityFrameworkCore.EntityFrameworkQueryableExtensions.ToListAsync[TSource](IQueryable`1 source, CancellationToken cancellationToken)
         at NurturedChoice.Infrastructure.Services.DashboardService.GetProductPerformanceAsync(CancellationToken ct) in C:\Users\user\Documents\THE BEST SALES SYSTEMM\backend\src\NurturedChoice.Infrastructure\Services\DashboardService.cs:line 39
         at lambda_method443(Closure, Object)
         at Microsoft.AspNetCore.Mvc.Infrastructure.ActionMethodExecutor.AwaitableObjectResultExecutor.Execute(ActionContext actionContext, IActionResultTypeMapper mapper, ObjectMethodExecutor executor, Object controller, Object[] arguments)
         at Microsoft.AspNetCore.Mvc.Infrastructure.ControllerActionInvoker.<InvokeActionMethodAsync>g__Awaited|12_0(ControllerActionInvoker invoker, ValueTask`1 actionResultValueTask)
         at Microsoft.AspNetCore.Mvc.Infrastructure.ControllerActionInvoker.<InvokeNextActionFilterAsync>g__Awaited|10_0(ControllerActionInvoker invoker, Task lastTask, State next, Scope scope, Object state, Boolean isCompleted)
         at Microsoft.AspNetCore.Mvc.Infrastructure.ControllerActionInvoker.Rethrow(ActionExecutedContextSealed context)
         at Microsoft.AspNetCore.Mvc.Infrastructure.ControllerActionInvoker.Next(State& next, Scope& scope, Object& state, Boolean& isCompleted)
         at Microsoft.AspNetCore.Mvc.Infrastructure.ControllerActionInvoker.<InvokeInnerFilterAsync>g__Awaited|13_0(ControllerActionInvoker invoker, Task lastTask, State next, Scope scope, Object state, Boolean isCompleted)
         at Microsoft.AspNetCore.Mvc.Infrastructure.ResourceInvoker.<InvokeFilterPipelineAsync>g__Awaited|20_0(ResourceInvoker invoker, Task lastTask, State next, Scope scope, Object state, Boolean isCompleted)
         at Microsoft.AspNetCore.Mvc.Infrastructure.ResourceInvoker.<InvokeAsync>g__Awaited|17_0(ResourceInvoker invoker, Task task, IDisposable scope)
         at Microsoft.AspNetCore.Mvc.Infrastructure.ResourceInvoker.<InvokeAsync>g__Awaited|17_0(ResourceInvoker invoker, Task task, IDisposable scope)
         at Microsoft.AspNetCore.Authorization.AuthorizationMiddleware.Invoke(HttpContext context)
         at Microsoft.AspNetCore.Authentication.AuthenticationMiddleware.Invoke(HttpContext context)
         at Microsoft.AspNetCore.Diagnostics.ExceptionHandlerMiddlewareImpl.<Invoke>g__Awaited|10_0(ExceptionHandlerMiddlewareImpl middleware, HttpContext context, Task task)
fail: Microsoft.AspNetCore.Diagnostics.ExceptionHandlerMiddleware[1]
      An unhandled exception has occurred while executing the request.
      System.InvalidOperationException: The LINQ expression 'DbSet<Invoice>()
          .Where(i => !(i.IsDeleted))
          .Where(i => (int)i.Status != 4 && (int)i.Status != 0)
          .Join(
              inner: DbSet<ParentGroup>()
                  .Where(p => !(p.IsDeleted)), 
              outerKeySelector: i => EF.Property<Guid?>(i, "ParentGroupId"), 
              innerKeySelector: p => EF.Property<Guid?>(p, "Id"), 
              resultSelector: (o, i) => new TransparentIdentifier<Invoice, ParentGroup>(
                  Outer = o, 
                  Inner = i
              ))
          .GroupBy(i => i.Inner.CompanyName)
          .Select(g => new CustomerRevenueDto(
              g.Key, 
              g
                  .AsQueryable()
                  .Sum(e => e.Outer.GrandTotal)
          ))
          .OrderByDescending(e0 => e0.Revenue)' could not be translated. Either rewrite the query in a form that can be translated, or switch to client evaluation explicitly by inserting a call to 'AsEnumerable', 'AsAsyncEnumerable', 'ToList', or 'ToListAsync'. See https://go.microsoft.com/fwlink/?linkid=2101038 for more information.
         at Microsoft.EntityFrameworkCore.Query.QueryableMethodTranslatingExpressionVisitor.Translate(Expression expression)
         at Microsoft.EntityFrameworkCore.Query.RelationalQueryableMethodTranslatingExpressionVisitor.Translate(Expression expression)
         at Microsoft.EntityFrameworkCore.Query.QueryCompilationContext.CreateQueryExecutor[TResult](Expression query)
         at Microsoft.EntityFrameworkCore.Storage.Database.CompileQuery[TResult](Expression query, Boolean async)
         at Microsoft.EntityFrameworkCore.Query.Internal.QueryCompiler.CompileQueryCore[TResult](IDatabase database, Expression query, IModel model, Boolean async)
         at Microsoft.EntityFrameworkCore.Query.Internal.QueryCompiler.<>c__DisplayClass12_0`1.<ExecuteAsync>b__0()
         at Microsoft.EntityFrameworkCore.Query.Internal.CompiledQueryCache.GetOrAddQuery[TResult](Object cacheKey, Func`1 compiler)
         at Microsoft.EntityFrameworkCore.Query.Internal.QueryCompiler.ExecuteAsync[TResult](Expression query, CancellationToken cancellationToken)
         at Microsoft.EntityFrameworkCore.Query.Internal.EntityQueryProvider.ExecuteAsync[TResult](Expression expression, CancellationToken cancellationToken)
         at Microsoft.EntityFrameworkCore.Query.Internal.EntityQueryable`1.GetAsyncEnumerator(CancellationToken cancellationToken)
         at System.Runtime.CompilerServices.ConfiguredCancelableAsyncEnumerable`1.GetAsyncEnumerator()
         at Microsoft.EntityFrameworkCore.EntityFrameworkQueryableExtensions.ToListAsync[TSource](IQueryable`1 source, CancellationToken cancellationToken)
         at NurturedChoice.Infrastructure.Services.DashboardService.GetCustomerRevenueAsync(CancellationToken ct) in C:\Users\user\Documents\THE BEST SALES SYSTEMM\backend\src\NurturedChoice.Infrastructure\Services\DashboardService.cs:line 40
         at lambda_method445(Closure, Object)
         at Microsoft.AspNetCore.Mvc.Infrastructure.ActionMethodExecutor.AwaitableObjectResultExecutor.Execute(ActionContext actionContext, IActionResultTypeMapper mapper, ObjectMethodExecutor executor, Object controller, Object[] arguments)
         at Microsoft.AspNetCore.Mvc.Infrastructure.ControllerActionInvoker.<InvokeActionMethodAsync>g__Awaited|12_0(ControllerActionInvoker invoker, ValueTask`1 actionResultValueTask)
         at Microsoft.AspNetCore.Mvc.Infrastructure.ControllerActionInvoker.<InvokeNextActionFilterAsync>g__Awaited|10_0(ControllerActionInvoker invoker, Task lastTask, State next, Scope scope, Object state, Boolean isCompleted)
         at Microsoft.AspNetCore.Mvc.Infrastructure.ControllerActionInvoker.Rethrow(ActionExecutedContextSealed context)
         at Microsoft.AspNetCore.Mvc.Infrastructure.ControllerActionInvoker.Next(State& next, Scope& scope, Object& state, Boolean& isCompleted)
         at Microsoft.AspNetCore.Mvc.Infrastructure.ControllerActionInvoker.<InvokeInnerFilterAsync>g__Awaited|13_0(ControllerActionInvoker invoker, Task lastTask, State next, Scope scope, Object state, Boolean isCompleted)
         at Microsoft.AspNetCore.Mvc.Infrastructure.ResourceInvoker.<InvokeFilterPipelineAsync>g__Awaited|20_0(ResourceInvoker invoker, Task lastTask, State next, Scope scope, Object state, Boolean isCompleted)
         at Microsoft.AspNetCore.Mvc.Infrastructure.ResourceInvoker.<InvokeAsync>g__Awaited|17_0(ResourceInvoker invoker, Task task, IDisposable scope)
         at Microsoft.AspNetCore.Mvc.Infrastructure.ResourceInvoker.<InvokeAsync>g__Awaited|17_0(ResourceInvoker invoker, Task task, IDisposable scope)
         at Microsoft.AspNetCore.Authorization.AuthorizationMiddleware.Invoke(HttpContext context)
         at Microsoft.AspNetCore.Authentication.AuthenticationMiddleware.Invoke(HttpContext context)
         at Microsoft.AspNetCore.Diagnostics.ExceptionHandlerMiddlewareImpl.<Invoke>g__Awaited|10_0(ExceptionHandlerMiddlewareImpl middleware, HttpContext context, Task task)
fail: GlobalExceptionHandler[0]
      Unhandled request failure for GET /api/v1/dashboard/product-performance
      System.InvalidOperationException: The LINQ expression 'DbSet<InvoiceItem>()
          .Where(i => !(i.IsDeleted))
          .Join(
              inner: DbSet<Invoice>()
                  .Where(i0 => !(i0.IsDeleted))
                  .Where(i0 => (int)i0.Status != 4 && (int)i0.Status != 0), 
              outerKeySelector: i => (object)i.InvoiceId, 
              innerKeySelector: i0 => (object)i0.Id, 
              resultSelector: (i, i0) => new TransparentIdentifier<InvoiceItem, Invoice>(
                  Outer = i, 
                  Inner = i0
              ))
          .GroupBy(ti => ti.Outer.ItemName)
          .Select(g => new ProductPerformanceDto(
              g.Key, 
              g
                  .AsQueryable()
                  .Sum(e => e.Outer.Quantity), 
              g
                  .AsQueryable()
                  .Sum(e => e.Outer.LineTotal)
          ))
          .OrderByDescending(e0 => e0.Revenue)' could not be translated. Either rewrite the query in a form that can be translated, or switch to client evaluation explicitly by inserting a call to 'AsEnumerable', 'AsAsyncEnumerable', 'ToList', or 'ToListAsync'. See https://go.microsoft.com/fwlink/?linkid=2101038 for more information.
         at Microsoft.EntityFrameworkCore.Query.QueryableMethodTranslatingExpressionVisitor.Translate(Expression expression)
         at Microsoft.EntityFrameworkCore.Query.RelationalQueryableMethodTranslatingExpressionVisitor.Translate(Expression expression)
         at Microsoft.EntityFrameworkCore.Query.QueryCompilationContext.CreateQueryExecutor[TResult](Expression query)
         at Microsoft.EntityFrameworkCore.Storage.Database.CompileQuery[TResult](Expression query, Boolean async)
         at Microsoft.EntityFrameworkCore.Query.Internal.QueryCompiler.CompileQueryCore[TResult](IDatabase database, Expression query, IModel model, Boolean async)
         at Microsoft.EntityFrameworkCore.Query.Internal.QueryCompiler.<>c__DisplayClass12_0`1.<ExecuteAsync>b__0()
         at Microsoft.EntityFrameworkCore.Query.Internal.CompiledQueryCache.GetOrAddQuery[TResult](Object cacheKey, Func`1 compiler)
         at Microsoft.EntityFrameworkCore.Query.Internal.QueryCompiler.ExecuteAsync[TResult](Expression query, CancellationToken cancellationToken)
         at Microsoft.EntityFrameworkCore.Query.Internal.EntityQueryProvider.ExecuteAsync[TResult](Expression expression, CancellationToken cancellationToken)
         at Microsoft.EntityFrameworkCore.Query.Internal.EntityQueryable`1.GetAsyncEnumerator(CancellationToken cancellationToken)
         at System.Runtime.CompilerServices.ConfiguredCancelableAsyncEnumerable`1.GetAsyncEnumerator()
         at Microsoft.EntityFrameworkCore.EntityFrameworkQueryableExtensions.ToListAsync[TSource](IQueryable`1 source, CancellationToken cancellationToken)
         at NurturedChoice.Infrastructure.Services.DashboardService.GetProductPerformanceAsync(CancellationToken ct) in C:\Users\user\Documents\THE BEST SALES SYSTEMM\backend\src\NurturedChoice.Infrastructure\Services\DashboardService.cs:line 39
         at lambda_method443(Closure, Object)
         at Microsoft.AspNetCore.Mvc.Infrastructure.ActionMethodExecutor.AwaitableObjectResultExecutor.Execute(ActionContext actionContext, IActionResultTypeMapper mapper, ObjectMethodExecutor executor, Object controller, Object[] arguments)
         at Microsoft.AspNetCore.Mvc.Infrastructure.ControllerActionInvoker.<InvokeActionMethodAsync>g__Awaited|12_0(ControllerActionInvoker invoker, ValueTask`1 actionResultValueTask)
         at Microsoft.AspNetCore.Mvc.Infrastructure.ControllerActionInvoker.<InvokeNextActionFilterAsync>g__Awaited|10_0(ControllerActionInvoker invoker, Task lastTask, State next, Scope scope, Object state, Boolean isCompleted)
         at Microsoft.AspNetCore.Mvc.Infrastructure.ControllerActionInvoker.Rethrow(ActionExecutedContextSealed context)
         at Microsoft.AspNetCore.Mvc.Infrastructure.ControllerActionInvoker.Next(State& next, Scope& scope, Object& state, Boolean& isCompleted)
         at Microsoft.AspNetCore.Mvc.Infrastructure.ControllerActionInvoker.<InvokeInnerFilterAsync>g__Awaited|13_0(ControllerActionInvoker invoker, Task lastTask, State next, Scope scope, Object state, Boolean isCompleted)
         at Microsoft.AspNetCore.Mvc.Infrastructure.ResourceInvoker.<InvokeFilterPipelineAsync>g__Awaited|20_0(ResourceInvoker invoker, Task lastTask, State next, Scope scope, Object state, Boolean isCompleted)
         at Microsoft.AspNetCore.Mvc.Infrastructure.ResourceInvoker.<InvokeAsync>g__Awaited|17_0(ResourceInvoker invoker, Task task, IDisposable scope)
         at Microsoft.AspNetCore.Mvc.Infrastructure.ResourceInvoker.<InvokeAsync>g__Awaited|17_0(ResourceInvoker invoker, Task task, IDisposable scope)
         at Microsoft.AspNetCore.Authorization.AuthorizationMiddleware.Invoke(HttpContext context)
         at Microsoft.AspNetCore.Authentication.AuthenticationMiddleware.Invoke(HttpContext context)
         at Microsoft.AspNetCore.Diagnostics.ExceptionHandlerMiddlewareImpl.<Invoke>g__Awaited|10_0(ExceptionHandlerMiddlewareImpl middleware, HttpContext context, Task task)
fail: GlobalExceptionHandler[0]
      Unhandled request failure for GET /api/v1/dashboard/customer-revenue
      System.InvalidOperationException: The LINQ expression 'DbSet<Invoice>()
          .Where(i => !(i.IsDeleted))
          .Where(i => (int)i.Status != 4 && (int)i.Status != 0)
          .Join(
              inner: DbSet<ParentGroup>()
                  .Where(p => !(p.IsDeleted)), 
              outerKeySelector: i => EF.Property<Guid?>(i, "ParentGroupId"), 
              innerKeySelector: p => EF.Property<Guid?>(p, "Id"), 
              resultSelector: (o, i) => new TransparentIdentifier<Invoice, ParentGroup>(
                  Outer = o, 
                  Inner = i
              ))
          .GroupBy(i => i.Inner.CompanyName)
          .Select(g => new CustomerRevenueDto(
              g.Key, 
              g
                  .AsQueryable()
                  .Sum(e => e.Outer.GrandTotal)
          ))
          .OrderByDescending(e0 => e0.Revenue)' could not be translated. Either rewrite the query in a form that can be translated, or switch to client evaluation explicitly by inserting a call to 'AsEnumerable', 'AsAsyncEnumerable', 'ToList', or 'ToListAsync'. See https://go.microsoft.com/fwlink/?linkid=2101038 for more information.
         at Microsoft.EntityFrameworkCore.Query.QueryableMethodTranslatingExpressionVisitor.Translate(Expression expression)
         at Microsoft.EntityFrameworkCore.Query.RelationalQueryableMethodTranslatingExpressionVisitor.Translate(Expression expression)
         at Microsoft.EntityFrameworkCore.Query.QueryCompilationContext.CreateQueryExecutor[TResult](Expression query)
         at Microsoft.EntityFrameworkCore.Storage.Database.CompileQuery[TResult](Expression query, Boolean async)
         at Microsoft.EntityFrameworkCore.Query.Internal.QueryCompiler.CompileQueryCore[TResult](IDatabase database, Expression query, IModel model, Boolean async)
         at Microsoft.EntityFrameworkCore.Query.Internal.QueryCompiler.<>c__DisplayClass12_0`1.<ExecuteAsync>b__0()
         at Microsoft.EntityFrameworkCore.Query.Internal.CompiledQueryCache.GetOrAddQuery[TResult](Object cacheKey, Func`1 compiler)
         at Microsoft.EntityFrameworkCore.Query.Internal.QueryCompiler.ExecuteAsync[TResult](Expression query, CancellationToken cancellationToken)
         at Microsoft.EntityFrameworkCore.Query.Internal.EntityQueryProvider.ExecuteAsync[TResult](Expression expression, CancellationToken cancellationToken)
         at Microsoft.EntityFrameworkCore.Query.Internal.EntityQueryable`1.GetAsyncEnumerator(CancellationToken cancellationToken)
         at System.Runtime.CompilerServices.ConfiguredCancelableAsyncEnumerable`1.GetAsyncEnumerator()
         at Microsoft.EntityFrameworkCore.EntityFrameworkQueryableExtensions.ToListAsync[TSource](IQueryable`1 source, CancellationToken cancellationToken)
         at NurturedChoice.Infrastructure.Services.DashboardService.GetCustomerRevenueAsync(CancellationToken ct) in C:\Users\user\Documents\THE BEST SALES SYSTEMM\backend\src\NurturedChoice.Infrastructure\Services\DashboardService.cs:line 40
         at lambda_method445(Closure, Object)
         at Microsoft.AspNetCore.Mvc.Infrastructure.ActionMethodExecutor.AwaitableObjectResultExecutor.Execute(ActionContext actionContext, IActionResultTypeMapper mapper, ObjectMethodExecutor executor, Object controller, Object[] arguments)
         at Microsoft.AspNetCore.Mvc.Infrastructure.ControllerActionInvoker.<InvokeActionMethodAsync>g__Awaited|12_0(ControllerActionInvoker invoker, ValueTask`1 actionResultValueTask)
         at Microsoft.AspNetCore.Mvc.Infrastructure.ControllerActionInvoker.<InvokeNextActionFilterAsync>g__Awaited|10_0(ControllerActionInvoker invoker, Task lastTask, State next, Scope scope, Object state, Boolean isCompleted)
         at Microsoft.AspNetCore.Mvc.Infrastructure.ControllerActionInvoker.Rethrow(ActionExecutedContextSealed context)
         at Microsoft.AspNetCore.Mvc.Infrastructure.ControllerActionInvoker.Next(State& next, Scope& scope, Object& state, Boolean& isCompleted)
         at Microsoft.AspNetCore.Mvc.Infrastructure.ControllerActionInvoker.<InvokeInnerFilterAsync>g__Awaited|13_0(ControllerActionInvoker invoker, Task lastTask, State next, Scope scope, Object state, Boolean isCompleted)
         at Microsoft.AspNetCore.Mvc.Infrastructure.ResourceInvoker.<InvokeFilterPipelineAsync>g__Awaited|20_0(ResourceInvoker invoker, Task lastTask, State next, Scope scope, Object state, Boolean isCompleted)
         at Microsoft.AspNetCore.Mvc.Infrastructure.ResourceInvoker.<InvokeAsync>g__Awaited|17_0(ResourceInvoker invoker, Task task, IDisposable scope)
         at Microsoft.AspNetCore.Mvc.Infrastructure.ResourceInvoker.<InvokeAsync>g__Awaited|17_0(ResourceInvoker invoker, Task task, IDisposable scope)
         at Microsoft.AspNetCore.Authorization.AuthorizationMiddleware.Invoke(HttpContext context)
         at Microsoft.AspNetCore.Authentication.AuthenticationMiddleware.Invoke(HttpContext context)
         at Microsoft.AspNetCore.Diagnostics.ExceptionHandlerMiddlewareImpl.<Invoke>g__Awaited|10_0(ExceptionHandlerMiddlewareImpl middleware, HttpContext context, Task task)
info: Microsoft.EntityFrameworkCore.Database.Command[20101]
      Executed DbCommand (1ms) [Parameters=[@__userId_Value_0='?' (DbType = Guid), @__permissionKey_1='?'], CommandType='Text', CommandTimeout='30']
      SELECT EXISTS (
          SELECT 1
          FROM app_user_roles AS a
          INNER JOIN (
              SELECT a0."Id", a0."CreatedAt", a0."CreatedBy", a0."DeletedAt", a0."DeletedBy", a0."Description", a0."IsDeleted", a0."Name", a0."RowVersion", a0."Status", a0."UpdatedAt", a0."UpdatedBy"
              FROM app_roles AS a0
              WHERE NOT (a0."IsDeleted")
          ) AS t ON a."AppRoleId" = t."Id"
          WHERE NOT (a."IsDeleted") AND a."AppUserId" = @__userId_Value_0 AND (t."Name" = 'Super Administrator' OR EXISTS (
              SELECT 1
              FROM app_role_permissions AS a1
              WHERE NOT (a1."IsDeleted") AND t."Id" = a1."AppRoleId" AND EXISTS (
                  SELECT 1
                  FROM app_permissions AS a2
                  WHERE NOT (a2."IsDeleted") AND a2."Id" = a1."AppPermissionId" AND a2."Key" = @__permissionKey_1))))
info: Microsoft.EntityFrameworkCore.Database.Command[20101]
      Executed DbCommand (1ms) [Parameters=[@__userId_Value_0='?' (DbType = Guid), @__permissionKey_1='?'], CommandType='Text', CommandTimeout='30']
      SELECT EXISTS (
          SELECT 1
          FROM app_user_roles AS a
          INNER JOIN (
              SELECT a0."Id", a0."CreatedAt", a0."CreatedBy", a0."DeletedAt", a0."DeletedBy", a0."Description", a0."IsDeleted", a0."Name", a0."RowVersion", a0."Status", a0."UpdatedAt", a0."UpdatedBy"
              FROM app_roles AS a0
              WHERE NOT (a0."IsDeleted")
          ) AS t ON a."AppRoleId" = t."Id"
          WHERE NOT (a."IsDeleted") AND a."AppUserId" = @__userId_Value_0 AND (t."Name" = 'Super Administrator' OR EXISTS (
              SELECT 1
              FROM app_role_permissions AS a1
              WHERE NOT (a1."IsDeleted") AND t."Id" = a1."AppRoleId" AND EXISTS (
                  SELECT 1
                  FROM app_permissions AS a2
                  WHERE NOT (a2."IsDeleted") AND a2."Id" = a1."AppPermissionId" AND a2."Key" = @__permissionKey_1))))
fail: Microsoft.AspNetCore.Diagnostics.ExceptionHandlerMiddleware[1]
      An unhandled exception has occurred while executing the request.
      System.InvalidOperationException: The LINQ expression 'DbSet<InvoiceItem>()
          .Where(i => !(i.IsDeleted))
          .Join(
              inner: DbSet<Invoice>()
                  .Where(i0 => !(i0.IsDeleted))
                  .Where(i0 => (int)i0.Status != 4 && (int)i0.Status != 0), 
              outerKeySelector: i => (object)i.InvoiceId, 
              innerKeySelector: i0 => (object)i0.Id, 
              resultSelector: (i, i0) => new TransparentIdentifier<InvoiceItem, Invoice>(
                  Outer = i, 
                  Inner = i0
              ))
          .GroupBy(ti => ti.Outer.ItemName)
          .Select(g => new ProductPerformanceDto(
              g.Key, 
              g
                  .AsQueryable()
                  .Sum(e => e.Outer.Quantity), 
              g
                  .AsQueryable()
                  .Sum(e => e.Outer.LineTotal)
          ))
          .OrderByDescending(e0 => e0.Revenue)' could not be translated. Either rewrite the query in a form that can be translated, or switch to client evaluation explicitly by inserting a call to 'AsEnumerable', 'AsAsyncEnumerable', 'ToList', or 'ToListAsync'. See https://go.microsoft.com/fwlink/?linkid=2101038 for more information.
         at Microsoft.EntityFrameworkCore.Query.QueryableMethodTranslatingExpressionVisitor.Translate(Expression expression)
         at Microsoft.EntityFrameworkCore.Query.RelationalQueryableMethodTranslatingExpressionVisitor.Translate(Expression expression)
         at Microsoft.EntityFrameworkCore.Query.QueryCompilationContext.CreateQueryExecutor[TResult](Expression query)
         at Microsoft.EntityFrameworkCore.Storage.Database.CompileQuery[TResult](Expression query, Boolean async)
         at Microsoft.EntityFrameworkCore.Query.Internal.QueryCompiler.CompileQueryCore[TResult](IDatabase database, Expression query, IModel model, Boolean async)
         at Microsoft.EntityFrameworkCore.Query.Internal.QueryCompiler.<>c__DisplayClass12_0`1.<ExecuteAsync>b__0()
         at Microsoft.EntityFrameworkCore.Query.Internal.CompiledQueryCache.GetOrAddQuery[TResult](Object cacheKey, Func`1 compiler)
         at Microsoft.EntityFrameworkCore.Query.Internal.QueryCompiler.ExecuteAsync[TResult](Expression query, CancellationToken cancellationToken)
         at Microsoft.EntityFrameworkCore.Query.Internal.EntityQueryProvider.ExecuteAsync[TResult](Expression expression, CancellationToken cancellationToken)
         at Microsoft.EntityFrameworkCore.Query.Internal.EntityQueryable`1.GetAsyncEnumerator(CancellationToken cancellationToken)
         at System.Runtime.CompilerServices.ConfiguredCancelableAsyncEnumerable`1.GetAsyncEnumerator()
         at Microsoft.EntityFrameworkCore.EntityFrameworkQueryableExtensions.ToListAsync[TSource](IQueryable`1 source, CancellationToken cancellationToken)
         at NurturedChoice.Infrastructure.Services.DashboardService.GetProductPerformanceAsync(CancellationToken ct) in C:\Users\user\Documents\THE BEST SALES SYSTEMM\backend\src\NurturedChoice.Infrastructure\Services\DashboardService.cs:line 39
         at lambda_method443(Closure, Object)
         at Microsoft.AspNetCore.Mvc.Infrastructure.ActionMethodExecutor.AwaitableObjectResultExecutor.Execute(ActionContext actionContext, IActionResultTypeMapper mapper, ObjectMethodExecutor executor, Object controller, Object[] arguments)
         at Microsoft.AspNetCore.Mvc.Infrastructure.ControllerActionInvoker.<InvokeActionMethodAsync>g__Awaited|12_0(ControllerActionInvoker invoker, ValueTask`1 actionResultValueTask)
         at Microsoft.AspNetCore.Mvc.Infrastructure.ControllerActionInvoker.<InvokeNextActionFilterAsync>g__Awaited|10_0(ControllerActionInvoker invoker, Task lastTask, State next, Scope scope, Object state, Boolean isCompleted)
         at Microsoft.AspNetCore.Mvc.Infrastructure.ControllerActionInvoker.Rethrow(ActionExecutedContextSealed context)
         at Microsoft.AspNetCore.Mvc.Infrastructure.ControllerActionInvoker.Next(State& next, Scope& scope, Object& state, Boolean& isCompleted)
         at Microsoft.AspNetCore.Mvc.Infrastructure.ControllerActionInvoker.<InvokeInnerFilterAsync>g__Awaited|13_0(ControllerActionInvoker invoker, Task lastTask, State next, Scope scope, Object state, Boolean isCompleted)
         at Microsoft.AspNetCore.Mvc.Infrastructure.ResourceInvoker.<InvokeFilterPipelineAsync>g__Awaited|20_0(ResourceInvoker invoker, Task lastTask, State next, Scope scope, Object state, Boolean isCompleted)
         at Microsoft.AspNetCore.Mvc.Infrastructure.ResourceInvoker.<InvokeAsync>g__Awaited|17_0(ResourceInvoker invoker, Task task, IDisposable scope)
         at Microsoft.AspNetCore.Mvc.Infrastructure.ResourceInvoker.<InvokeAsync>g__Awaited|17_0(ResourceInvoker invoker, Task task, IDisposable scope)
         at Microsoft.AspNetCore.Authorization.AuthorizationMiddleware.Invoke(HttpContext context)
         at Microsoft.AspNetCore.Authentication.AuthenticationMiddleware.Invoke(HttpContext context)
         at Microsoft.AspNetCore.Diagnostics.ExceptionHandlerMiddlewareImpl.<Invoke>g__Awaited|10_0(ExceptionHandlerMiddlewareImpl middleware, HttpContext context, Task task)
fail: Microsoft.AspNetCore.Diagnostics.ExceptionHandlerMiddleware[1]
      An unhandled exception has occurred while executing the request.
      System.InvalidOperationException: The LINQ expression 'DbSet<Invoice>()
          .Where(i => !(i.IsDeleted))
          .Where(i => (int)i.Status != 4 && (int)i.Status != 0)
          .Join(
              inner: DbSet<ParentGroup>()
                  .Where(p => !(p.IsDeleted)), 
              outerKeySelector: i => EF.Property<Guid?>(i, "ParentGroupId"), 
              innerKeySelector: p => EF.Property<Guid?>(p, "Id"), 
              resultSelector: (o, i) => new TransparentIdentifier<Invoice, ParentGroup>(
                  Outer = o, 
                  Inner = i
              ))
          .GroupBy(i => i.Inner.CompanyName)
          .Select(g => new CustomerRevenueDto(
              g.Key, 
              g
                  .AsQueryable()
                  .Sum(e => e.Outer.GrandTotal)
          ))
          .OrderByDescending(e0 => e0.Revenue)' could not be translated. Either rewrite the query in a form that can be translated, or switch to client evaluation explicitly by inserting a call to 'AsEnumerable', 'AsAsyncEnumerable', 'ToList', or 'ToListAsync'. See https://go.microsoft.com/fwlink/?linkid=2101038 for more information.
         at Microsoft.EntityFrameworkCore.Query.QueryableMethodTranslatingExpressionVisitor.Translate(Expression expression)
         at Microsoft.EntityFrameworkCore.Query.RelationalQueryableMethodTranslatingExpressionVisitor.Translate(Expression expression)
         at Microsoft.EntityFrameworkCore.Query.QueryCompilationContext.CreateQueryExecutor[TResult](Expression query)
         at Microsoft.EntityFrameworkCore.Storage.Database.CompileQuery[TResult](Expression query, Boolean async)
         at Microsoft.EntityFrameworkCore.Query.Internal.QueryCompiler.CompileQueryCore[TResult](IDatabase database, Expression query, IModel model, Boolean async)
         at Microsoft.EntityFrameworkCore.Query.Internal.QueryCompiler.<>c__DisplayClass12_0`1.<ExecuteAsync>b__0()
         at Microsoft.EntityFrameworkCore.Query.Internal.CompiledQueryCache.GetOrAddQuery[TResult](Object cacheKey, Func`1 compiler)
         at Microsoft.EntityFrameworkCore.Query.Internal.QueryCompiler.ExecuteAsync[TResult](Expression query, CancellationToken cancellationToken)
         at Microsoft.EntityFrameworkCore.Query.Internal.EntityQueryProvider.ExecuteAsync[TResult](Expression expression, CancellationToken cancellationToken)
         at Microsoft.EntityFrameworkCore.Query.Internal.EntityQueryable`1.GetAsyncEnumerator(CancellationToken cancellationToken)
         at System.Runtime.CompilerServices.ConfiguredCancelableAsyncEnumerable`1.GetAsyncEnumerator()
         at Microsoft.EntityFrameworkCore.EntityFrameworkQueryableExtensions.ToListAsync[TSource](IQueryable`1 source, CancellationToken cancellationToken)
         at NurturedChoice.Infrastructure.Services.DashboardService.GetCustomerRevenueAsync(CancellationToken ct) in C:\Users\user\Documents\THE BEST SALES SYSTEMM\backend\src\NurturedChoice.Infrastructure\Services\DashboardService.cs:line 40
         at lambda_method445(Closure, Object)
         at Microsoft.AspNetCore.Mvc.Infrastructure.ActionMethodExecutor.AwaitableObjectResultExecutor.Execute(ActionContext actionContext, IActionResultTypeMapper mapper, ObjectMethodExecutor executor, Object controller, Object[] arguments)
         at Microsoft.AspNetCore.Mvc.Infrastructure.ControllerActionInvoker.<InvokeActionMethodAsync>g__Awaited|12_0(ControllerActionInvoker invoker, ValueTask`1 actionResultValueTask)
         at Microsoft.AspNetCore.Mvc.Infrastructure.ControllerActionInvoker.<InvokeNextActionFilterAsync>g__Awaited|10_0(ControllerActionInvoker invoker, Task lastTask, State next, Scope scope, Object state, Boolean isCompleted)
         at Microsoft.AspNetCore.Mvc.Infrastructure.ControllerActionInvoker.Rethrow(ActionExecutedContextSealed context)
         at Microsoft.AspNetCore.Mvc.Infrastructure.ControllerActionInvoker.Next(State& next, Scope& scope, Object& state, Boolean& isCompleted)
         at Microsoft.AspNetCore.Mvc.Infrastructure.ControllerActionInvoker.<InvokeInnerFilterAsync>g__Awaited|13_0(ControllerActionInvoker invoker, Task lastTask, State next, Scope scope, Object state, Boolean isCompleted)
         at Microsoft.AspNetCore.Mvc.Infrastructure.ResourceInvoker.<InvokeFilterPipelineAsync>g__Awaited|20_0(ResourceInvoker invoker, Task lastTask, State next, Scope scope, Object state, Boolean isCompleted)
         at Microsoft.AspNetCore.Mvc.Infrastructure.ResourceInvoker.<InvokeAsync>g__Awaited|17_0(ResourceInvoker invoker, Task task, IDisposable scope)
         at Microsoft.AspNetCore.Mvc.Infrastructure.ResourceInvoker.<InvokeAsync>g__Awaited|17_0(ResourceInvoker invoker, Task task, IDisposable scope)
         at Microsoft.AspNetCore.Authorization.AuthorizationMiddleware.Invoke(HttpContext context)
         at Microsoft.AspNetCore.Authentication.AuthenticationMiddleware.Invoke(HttpContext context)
         at Microsoft.AspNetCore.Diagnostics.ExceptionHandlerMiddlewareImpl.<Invoke>g__Awaited|10_0(ExceptionHandlerMiddlewareImpl middleware, HttpContext context, Task task)
fail: GlobalExceptionHandler[0]
      Unhandled request failure for GET /api/v1/dashboard/product-performance
      System.InvalidOperationException: The LINQ expression 'DbSet<InvoiceItem>()
          .Where(i => !(i.IsDeleted))
          .Join(
              inner: DbSet<Invoice>()
                  .Where(i0 => !(i0.IsDeleted))
                  .Where(i0 => (int)i0.Status != 4 && (int)i0.Status != 0), 
              outerKeySelector: i => (object)i.InvoiceId, 
              innerKeySelector: i0 => (object)i0.Id, 
              resultSelector: (i, i0) => new TransparentIdentifier<InvoiceItem, Invoice>(
                  Outer = i, 
                  Inner = i0
              ))
          .GroupBy(ti => ti.Outer.ItemName)
          .Select(g => new ProductPerformanceDto(
              g.Key, 
              g
                  .AsQueryable()
                  .Sum(e => e.Outer.Quantity), 
              g
                  .AsQueryable()
                  .Sum(e => e.Outer.LineTotal)
          ))
          .OrderByDescending(e0 => e0.Revenue)' could not be translated. Either rewrite the query in a form that can be translated, or switch to client evaluation explicitly by inserting a call to 'AsEnumerable', 'AsAsyncEnumerable', 'ToList', or 'ToListAsync'. See https://go.microsoft.com/fwlink/?linkid=2101038 for more information.
         at Microsoft.EntityFrameworkCore.Query.QueryableMethodTranslatingExpressionVisitor.Translate(Expression expression)
         at Microsoft.EntityFrameworkCore.Query.RelationalQueryableMethodTranslatingExpressionVisitor.Translate(Expression expression)
         at Microsoft.EntityFrameworkCore.Query.QueryCompilationContext.CreateQueryExecutor[TResult](Expression query)
         at Microsoft.EntityFrameworkCore.Storage.Database.CompileQuery[TResult](Expression query, Boolean async)
         at Microsoft.EntityFrameworkCore.Query.Internal.QueryCompiler.CompileQueryCore[TResult](IDatabase database, Expression query, IModel model, Boolean async)
         at Microsoft.EntityFrameworkCore.Query.Internal.QueryCompiler.<>c__DisplayClass12_0`1.<ExecuteAsync>b__0()
         at Microsoft.EntityFrameworkCore.Query.Internal.CompiledQueryCache.GetOrAddQuery[TResult](Object cacheKey, Func`1 compiler)
         at Microsoft.EntityFrameworkCore.Query.Internal.QueryCompiler.ExecuteAsync[TResult](Expression query, CancellationToken cancellationToken)
         at Microsoft.EntityFrameworkCore.Query.Internal.EntityQueryProvider.ExecuteAsync[TResult](Expression expression, CancellationToken cancellationToken)
         at Microsoft.EntityFrameworkCore.Query.Internal.EntityQueryable`1.GetAsyncEnumerator(CancellationToken cancellationToken)
         at System.Runtime.CompilerServices.ConfiguredCancelableAsyncEnumerable`1.GetAsyncEnumerator()
         at Microsoft.EntityFrameworkCore.EntityFrameworkQueryableExtensions.ToListAsync[TSource](IQueryable`1 source, CancellationToken cancellationToken)
         at NurturedChoice.Infrastructure.Services.DashboardService.GetProductPerformanceAsync(CancellationToken ct) in C:\Users\user\Documents\THE BEST SALES SYSTEMM\backend\src\NurturedChoice.Infrastructure\Services\DashboardService.cs:line 39
         at lambda_method443(Closure, Object)
         at Microsoft.AspNetCore.Mvc.Infrastructure.ActionMethodExecutor.AwaitableObjectResultExecutor.Execute(ActionContext actionContext, IActionResultTypeMapper mapper, ObjectMethodExecutor executor, Object controller, Object[] arguments)
         at Microsoft.AspNetCore.Mvc.Infrastructure.ControllerActionInvoker.<InvokeActionMethodAsync>g__Awaited|12_0(ControllerActionInvoker invoker, ValueTask`1 actionResultValueTask)
         at Microsoft.AspNetCore.Mvc.Infrastructure.ControllerActionInvoker.<InvokeNextActionFilterAsync>g__Awaited|10_0(ControllerActionInvoker invoker, Task lastTask, State next, Scope scope, Object state, Boolean isCompleted)
         at Microsoft.AspNetCore.Mvc.Infrastructure.ControllerActionInvoker.Rethrow(ActionExecutedContextSealed context)
         at Microsoft.AspNetCore.Mvc.Infrastructure.ControllerActionInvoker.Next(State& next, Scope& scope, Object& state, Boolean& isCompleted)
         at Microsoft.AspNetCore.Mvc.Infrastructure.ControllerActionInvoker.<InvokeInnerFilterAsync>g__Awaited|13_0(ControllerActionInvoker invoker, Task lastTask, State next, Scope scope, Object state, Boolean isCompleted)
         at Microsoft.AspNetCore.Mvc.Infrastructure.ResourceInvoker.<InvokeFilterPipelineAsync>g__Awaited|20_0(ResourceInvoker invoker, Task lastTask, State next, Scope scope, Object state, Boolean isCompleted)
         at Microsoft.AspNetCore.Mvc.Infrastructure.ResourceInvoker.<InvokeAsync>g__Awaited|17_0(ResourceInvoker invoker, Task task, IDisposable scope)
         at Microsoft.AspNetCore.Mvc.Infrastructure.ResourceInvoker.<InvokeAsync>g__Awaited|17_0(ResourceInvoker invoker, Task task, IDisposable scope)
         at Microsoft.AspNetCore.Authorization.AuthorizationMiddleware.Invoke(HttpContext context)
         at Microsoft.AspNetCore.Authentication.AuthenticationMiddleware.Invoke(HttpContext context)
         at Microsoft.AspNetCore.Diagnostics.ExceptionHandlerMiddlewareImpl.<Invoke>g__Awaited|10_0(ExceptionHandlerMiddlewareImpl middleware, HttpContext context, Task task)
fail: GlobalExceptionHandler[0]
      Unhandled request failure for GET /api/v1/dashboard/customer-revenue
      System.InvalidOperationException: The LINQ expression 'DbSet<Invoice>()
          .Where(i => !(i.IsDeleted))
          .Where(i => (int)i.Status != 4 && (int)i.Status != 0)
          .Join(
              inner: DbSet<ParentGroup>()
                  .Where(p => !(p.IsDeleted)), 
              outerKeySelector: i => EF.Property<Guid?>(i, "ParentGroupId"), 
              innerKeySelector: p => EF.Property<Guid?>(p, "Id"), 
              resultSelector: (o, i) => new TransparentIdentifier<Invoice, ParentGroup>(
                  Outer = o, 
                  Inner = i
              ))
          .GroupBy(i => i.Inner.CompanyName)
          .Select(g => new CustomerRevenueDto(
              g.Key, 
              g
                  .AsQueryable()
                  .Sum(e => e.Outer.GrandTotal)
          ))
          .OrderByDescending(e0 => e0.Revenue)' could not be translated. Either rewrite the query in a form that can be translated, or switch to client evaluation explicitly by inserting a call to 'AsEnumerable', 'AsAsyncEnumerable', 'ToList', or 'ToListAsync'. See https://go.microsoft.com/fwlink/?linkid=2101038 for more information.
         at Microsoft.EntityFrameworkCore.Query.QueryableMethodTranslatingExpressionVisitor.Translate(Expression expression)
         at Microsoft.EntityFrameworkCore.Query.RelationalQueryableMethodTranslatingExpressionVisitor.Translate(Expression expression)
         at Microsoft.EntityFrameworkCore.Query.QueryCompilationContext.CreateQueryExecutor[TResult](Expression query)
         at Microsoft.EntityFrameworkCore.Storage.Database.CompileQuery[TResult](Expression query, Boolean async)
         at Microsoft.EntityFrameworkCore.Query.Internal.QueryCompiler.CompileQueryCore[TResult](IDatabase database, Expression query, IModel model, Boolean async)
         at Microsoft.EntityFrameworkCore.Query.Internal.QueryCompiler.<>c__DisplayClass12_0`1.<ExecuteAsync>b__0()
         at Microsoft.EntityFrameworkCore.Query.Internal.CompiledQueryCache.GetOrAddQuery[TResult](Object cacheKey, Func`1 compiler)
         at Microsoft.EntityFrameworkCore.Query.Internal.QueryCompiler.ExecuteAsync[TResult](Expression query, CancellationToken cancellationToken)
         at Microsoft.EntityFrameworkCore.Query.Internal.EntityQueryProvider.ExecuteAsync[TResult](Expression expression, CancellationToken cancellationToken)
         at Microsoft.EntityFrameworkCore.Query.Internal.EntityQueryable`1.GetAsyncEnumerator(CancellationToken cancellationToken)
         at System.Runtime.CompilerServices.ConfiguredCancelableAsyncEnumerable`1.GetAsyncEnumerator()
         at Microsoft.EntityFrameworkCore.EntityFrameworkQueryableExtensions.ToListAsync[TSource](IQueryable`1 source, CancellationToken cancellationToken)
         at NurturedChoice.Infrastructure.Services.DashboardService.GetCustomerRevenueAsync(CancellationToken ct) in C:\Users\user\Documents\THE BEST SALES SYSTEMM\backend\src\NurturedChoice.Infrastructure\Services\DashboardService.cs:line 40
         at lambda_method445(Closure, Object)
         at Microsoft.AspNetCore.Mvc.Infrastructure.ActionMethodExecutor.AwaitableObjectResultExecutor.Execute(ActionContext actionContext, IActionResultTypeMapper mapper, ObjectMethodExecutor executor, Object controller, Object[] arguments)
         at Microsoft.AspNetCore.Mvc.Infrastructure.ControllerActionInvoker.<InvokeActionMethodAsync>g__Awaited|12_0(ControllerActionInvoker invoker, ValueTask`1 actionResultValueTask)
         at Microsoft.AspNetCore.Mvc.Infrastructure.ControllerActionInvoker.<InvokeNextActionFilterAsync>g__Awaited|10_0(ControllerActionInvoker invoker, Task lastTask, State next, Scope scope, Object state, Boolean isCompleted)
         at Microsoft.AspNetCore.Mvc.Infrastructure.ControllerActionInvoker.Rethrow(ActionExecutedContextSealed context)
         at Microsoft.AspNetCore.Mvc.Infrastructure.ControllerActionInvoker.Next(State& next, Scope& scope, Object& state, Boolean& isCompleted)
         at Microsoft.AspNetCore.Mvc.Infrastructure.ControllerActionInvoker.<InvokeInnerFilterAsync>g__Awaited|13_0(ControllerActionInvoker invoker, Task lastTask, State next, Scope scope, Object state, Boolean isCompleted)
         at Microsoft.AspNetCore.Mvc.Infrastructure.ResourceInvoker.<InvokeFilterPipelineAsync>g__Awaited|20_0(ResourceInvoker invoker, Task lastTask, State next, Scope scope, Object state, Boolean isCompleted)
         at Microsoft.AspNetCore.Mvc.Infrastructure.ResourceInvoker.<InvokeAsync>g__Awaited|17_0(ResourceInvoker invoker, Task task, IDisposable scope)
         at Microsoft.AspNetCore.Mvc.Infrastructure.ResourceInvoker.<InvokeAsync>g__Awaited|17_0(ResourceInvoker invoker, Task task, IDisposable scope)
         at Microsoft.AspNetCore.Authorization.AuthorizationMiddleware.Invoke(HttpContext context)
         at Microsoft.AspNetCore.Authentication.AuthenticationMiddleware.Invoke(HttpContext context)
         at Microsoft.AspNetCore.Diagnostics.ExceptionHandlerMiddlewareImpl.<Invoke>g__Awaited|10_0(ExceptionHandlerMiddlewareImpl middleware, HttpContext context, Task task)
info: Microsoft.EntityFrameworkCore.Database.Command[20101]
      Executed DbCommand (1ms) [Parameters=[@__userId_Value_0='?' (DbType = Guid), @__permissionKey_1='?'], CommandType='Text', CommandTimeout='30']
      SELECT EXISTS (
          SELECT 1
          FROM app_user_roles AS a
          INNER JOIN (
              SELECT a0."Id", a0."CreatedAt", a0."CreatedBy", a0."DeletedAt", a0."DeletedBy", a0."Description", a0."IsDeleted", a0."Name", a0."RowVersion", a0."Status", a0."UpdatedAt", a0."UpdatedBy"
              FROM app_roles AS a0
              WHERE NOT (a0."IsDeleted")
          ) AS t ON a."AppRoleId" = t."Id"
          WHERE NOT (a."IsDeleted") AND a."AppUserId" = @__userId_Value_0 AND (t."Name" = 'Super Administrator' OR EXISTS (
              SELECT 1
              FROM app_role_permissions AS a1
              WHERE NOT (a1."IsDeleted") AND t."Id" = a1."AppRoleId" AND EXISTS (
                  SELECT 1
                  FROM app_permissions AS a2
                  WHERE NOT (a2."IsDeleted") AND a2."Id" = a1."AppPermissionId" AND a2."Key" = @__permissionKey_1))))
info: Microsoft.EntityFrameworkCore.Database.Command[20101]
      Executed DbCommand (1ms) [Parameters=[@__userId_Value_0='?' (DbType = Guid), @__permissionKey_1='?'], CommandType='Text', CommandTimeout='30']
      SELECT EXISTS (
          SELECT 1
          FROM app_user_roles AS a
          INNER JOIN (
              SELECT a0."Id", a0."CreatedAt", a0."CreatedBy", a0."DeletedAt", a0."DeletedBy", a0."Description", a0."IsDeleted", a0."Name", a0."RowVersion", a0."Status", a0."UpdatedAt", a0."UpdatedBy"
              FROM app_roles AS a0
              WHERE NOT (a0."IsDeleted")
          ) AS t ON a."AppRoleId" = t."Id"
          WHERE NOT (a."IsDeleted") AND a."AppUserId" = @__userId_Value_0 AND (t."Name" = 'Super Administrator' OR EXISTS (
              SELECT 1
              FROM app_role_permissions AS a1
              WHERE NOT (a1."IsDeleted") AND t."Id" = a1."AppRoleId" AND EXISTS (
                  SELECT 1
                  FROM app_permissions AS a2
                  WHERE NOT (a2."IsDeleted") AND a2."Id" = a1."AppPermissionId" AND a2."Key" = @__permissionKey_1))))
fail: Microsoft.AspNetCore.Diagnostics.ExceptionHandlerMiddleware[1]
      An unhandled exception has occurred while executing the request.
      System.InvalidOperationException: The LINQ expression 'DbSet<InvoiceItem>()
          .Where(i => !(i.IsDeleted))
          .Join(
              inner: DbSet<Invoice>()
                  .Where(i0 => !(i0.IsDeleted))
                  .Where(i0 => (int)i0.Status != 4 && (int)i0.Status != 0), 
              outerKeySelector: i => (object)i.InvoiceId, 
              innerKeySelector: i0 => (object)i0.Id, 
              resultSelector: (i, i0) => new TransparentIdentifier<InvoiceItem, Invoice>(
                  Outer = i, 
                  Inner = i0
              ))
          .GroupBy(ti => ti.Outer.ItemName)
          .Select(g => new ProductPerformanceDto(
              g.Key, 
              g
                  .AsQueryable()
                  .Sum(e => e.Outer.Quantity), 
              g
                  .AsQueryable()
                  .Sum(e => e.Outer.LineTotal)
          ))
          .OrderByDescending(e0 => e0.Revenue)' could not be translated. Either rewrite the query in a form that can be translated, or switch to client evaluation explicitly by inserting a call to 'AsEnumerable', 'AsAsyncEnumerable', 'ToList', or 'ToListAsync'. See https://go.microsoft.com/fwlink/?linkid=2101038 for more information.
         at Microsoft.EntityFrameworkCore.Query.QueryableMethodTranslatingExpressionVisitor.Translate(Expression expression)
         at Microsoft.EntityFrameworkCore.Query.RelationalQueryableMethodTranslatingExpressionVisitor.Translate(Expression expression)
         at Microsoft.EntityFrameworkCore.Query.QueryCompilationContext.CreateQueryExecutor[TResult](Expression query)
         at Microsoft.EntityFrameworkCore.Storage.Database.CompileQuery[TResult](Expression query, Boolean async)
         at Microsoft.EntityFrameworkCore.Query.Internal.QueryCompiler.CompileQueryCore[TResult](IDatabase database, Expression query, IModel model, Boolean async)
         at Microsoft.EntityFrameworkCore.Query.Internal.QueryCompiler.<>c__DisplayClass12_0`1.<ExecuteAsync>b__0()
         at Microsoft.EntityFrameworkCore.Query.Internal.CompiledQueryCache.GetOrAddQuery[TResult](Object cacheKey, Func`1 compiler)
         at Microsoft.EntityFrameworkCore.Query.Internal.QueryCompiler.ExecuteAsync[TResult](Expression query, CancellationToken cancellationToken)
         at Microsoft.EntityFrameworkCore.Query.Internal.EntityQueryProvider.ExecuteAsync[TResult](Expression expression, CancellationToken cancellationToken)
         at Microsoft.EntityFrameworkCore.Query.Internal.EntityQueryable`1.GetAsyncEnumerator(CancellationToken cancellationToken)
         at System.Runtime.CompilerServices.ConfiguredCancelableAsyncEnumerable`1.GetAsyncEnumerator()
         at Microsoft.EntityFrameworkCore.EntityFrameworkQueryableExtensions.ToListAsync[TSource](IQueryable`1 source, CancellationToken cancellationToken)
         at NurturedChoice.Infrastructure.Services.DashboardService.GetProductPerformanceAsync(CancellationToken ct) in C:\Users\user\Documents\THE BEST SALES SYSTEMM\backend\src\NurturedChoice.Infrastructure\Services\DashboardService.cs:line 39
         at lambda_method443(Closure, Object)
         at Microsoft.AspNetCore.Mvc.Infrastructure.ActionMethodExecutor.AwaitableObjectResultExecutor.Execute(ActionContext actionContext, IActionResultTypeMapper mapper, ObjectMethodExecutor executor, Object controller, Object[] arguments)
         at Microsoft.AspNetCore.Mvc.Infrastructure.ControllerActionInvoker.<InvokeActionMethodAsync>g__Awaited|12_0(ControllerActionInvoker invoker, ValueTask`1 actionResultValueTask)
         at Microsoft.AspNetCore.Mvc.Infrastructure.ControllerActionInvoker.<InvokeNextActionFilterAsync>g__Awaited|10_0(ControllerActionInvoker invoker, Task lastTask, State next, Scope scope, Object state, Boolean isCompleted)
         at Microsoft.AspNetCore.Mvc.Infrastructure.ControllerActionInvoker.Rethrow(ActionExecutedContextSealed context)
         at Microsoft.AspNetCore.Mvc.Infrastructure.ControllerActionInvoker.Next(State& next, Scope& scope, Object& state, Boolean& isCompleted)
         at Microsoft.AspNetCore.Mvc.Infrastructure.ControllerActionInvoker.<InvokeInnerFilterAsync>g__Awaited|13_0(ControllerActionInvoker invoker, Task lastTask, State next, Scope scope, Object state, Boolean isCompleted)
         at Microsoft.AspNetCore.Mvc.Infrastructure.ResourceInvoker.<InvokeFilterPipelineAsync>g__Awaited|20_0(ResourceInvoker invoker, Task lastTask, State next, Scope scope, Object state, Boolean isCompleted)
         at Microsoft.AspNetCore.Mvc.Infrastructure.ResourceInvoker.<InvokeAsync>g__Awaited|17_0(ResourceInvoker invoker, Task task, IDisposable scope)
         at Microsoft.AspNetCore.Mvc.Infrastructure.ResourceInvoker.<InvokeAsync>g__Awaited|17_0(ResourceInvoker invoker, Task task, IDisposable scope)
         at Microsoft.AspNetCore.Authorization.AuthorizationMiddleware.Invoke(HttpContext context)
         at Microsoft.AspNetCore.Authentication.AuthenticationMiddleware.Invoke(HttpContext context)
         at Microsoft.AspNetCore.Diagnostics.ExceptionHandlerMiddlewareImpl.<Invoke>g__Awaited|10_0(ExceptionHandlerMiddlewareImpl middleware, HttpContext context, Task task)
fail: Microsoft.AspNetCore.Diagnostics.ExceptionHandlerMiddleware[1]
      An unhandled exception has occurred while executing the request.
      System.InvalidOperationException: The LINQ expression 'DbSet<Invoice>()
          .Where(i => !(i.IsDeleted))
          .Where(i => (int)i.Status != 4 && (int)i.Status != 0)
          .Join(
              inner: DbSet<ParentGroup>()
                  .Where(p => !(p.IsDeleted)), 
              outerKeySelector: i => EF.Property<Guid?>(i, "ParentGroupId"), 
              innerKeySelector: p => EF.Property<Guid?>(p, "Id"), 
              resultSelector: (o, i) => new TransparentIdentifier<Invoice, ParentGroup>(
                  Outer = o, 
                  Inner = i
              ))
          .GroupBy(i => i.Inner.CompanyName)
          .Select(g => new CustomerRevenueDto(
              g.Key, 
              g
                  .AsQueryable()
                  .Sum(e => e.Outer.GrandTotal)
          ))
          .OrderByDescending(e0 => e0.Revenue)' could not be translated. Either rewrite the query in a form that can be translated, or switch to client evaluation explicitly by inserting a call to 'AsEnumerable', 'AsAsyncEnumerable', 'ToList', or 'ToListAsync'. See https://go.microsoft.com/fwlink/?linkid=2101038 for more information.
         at Microsoft.EntityFrameworkCore.Query.QueryableMethodTranslatingExpressionVisitor.Translate(Expression expression)
         at Microsoft.EntityFrameworkCore.Query.RelationalQueryableMethodTranslatingExpressionVisitor.Translate(Expression expression)
         at Microsoft.EntityFrameworkCore.Query.QueryCompilationContext.CreateQueryExecutor[TResult](Expression query)
         at Microsoft.EntityFrameworkCore.Storage.Database.CompileQuery[TResult](Expression query, Boolean async)
         at Microsoft.EntityFrameworkCore.Query.Internal.QueryCompiler.CompileQueryCore[TResult](IDatabase database, Expression query, IModel model, Boolean async)
         at Microsoft.EntityFrameworkCore.Query.Internal.QueryCompiler.<>c__DisplayClass12_0`1.<ExecuteAsync>b__0()
         at Microsoft.EntityFrameworkCore.Query.Internal.CompiledQueryCache.GetOrAddQuery[TResult](Object cacheKey, Func`1 compiler)
         at Microsoft.EntityFrameworkCore.Query.Internal.QueryCompiler.ExecuteAsync[TResult](Expression query, CancellationToken cancellationToken)
         at Microsoft.EntityFrameworkCore.Query.Internal.EntityQueryProvider.ExecuteAsync[TResult](Expression expression, CancellationToken cancellationToken)
         at Microsoft.EntityFrameworkCore.Query.Internal.EntityQueryable`1.GetAsyncEnumerator(CancellationToken cancellationToken)
         at System.Runtime.CompilerServices.ConfiguredCancelableAsyncEnumerable`1.GetAsyncEnumerator()
         at Microsoft.EntityFrameworkCore.EntityFrameworkQueryableExtensions.ToListAsync[TSource](IQueryable`1 source, CancellationToken cancellationToken)
         at NurturedChoice.Infrastructure.Services.DashboardService.GetCustomerRevenueAsync(CancellationToken ct) in C:\Users\user\Documents\THE BEST SALES SYSTEMM\backend\src\NurturedChoice.Infrastructure\Services\DashboardService.cs:line 40
         at lambda_method445(Closure, Object)
         at Microsoft.AspNetCore.Mvc.Infrastructure.ActionMethodExecutor.AwaitableObjectResultExecutor.Execute(ActionContext actionContext, IActionResultTypeMapper mapper, ObjectMethodExecutor executor, Object controller, Object[] arguments)
         at Microsoft.AspNetCore.Mvc.Infrastructure.ControllerActionInvoker.<InvokeActionMethodAsync>g__Awaited|12_0(ControllerActionInvoker invoker, ValueTask`1 actionResultValueTask)
         at Microsoft.AspNetCore.Mvc.Infrastructure.ControllerActionInvoker.<InvokeNextActionFilterAsync>g__Awaited|10_0(ControllerActionInvoker invoker, Task lastTask, State next, Scope scope, Object state, Boolean isCompleted)
         at Microsoft.AspNetCore.Mvc.Infrastructure.ControllerActionInvoker.Rethrow(ActionExecutedContextSealed context)
         at Microsoft.AspNetCore.Mvc.Infrastructure.ControllerActionInvoker.Next(State& next, Scope& scope, Object& state, Boolean& isCompleted)
         at Microsoft.AspNetCore.Mvc.Infrastructure.ControllerActionInvoker.<InvokeInnerFilterAsync>g__Awaited|13_0(ControllerActionInvoker invoker, Task lastTask, State next, Scope scope, Object state, Boolean isCompleted)
         at Microsoft.AspNetCore.Mvc.Infrastructure.ResourceInvoker.<InvokeFilterPipelineAsync>g__Awaited|20_0(ResourceInvoker invoker, Task lastTask, State next, Scope scope, Object state, Boolean isCompleted)
         at Microsoft.AspNetCore.Mvc.Infrastructure.ResourceInvoker.<InvokeAsync>g__Awaited|17_0(ResourceInvoker invoker, Task task, IDisposable scope)
         at Microsoft.AspNetCore.Mvc.Infrastructure.ResourceInvoker.<InvokeAsync>g__Awaited|17_0(ResourceInvoker invoker, Task task, IDisposable scope)
         at Microsoft.AspNetCore.Authorization.AuthorizationMiddleware.Invoke(HttpContext context)
         at Microsoft.AspNetCore.Authentication.AuthenticationMiddleware.Invoke(HttpContext context)
         at Microsoft.AspNetCore.Diagnostics.ExceptionHandlerMiddlewareImpl.<Invoke>g__Awaited|10_0(ExceptionHandlerMiddlewareImpl middleware, HttpContext context, Task task)
fail: GlobalExceptionHandler[0]
      Unhandled request failure for GET /api/v1/dashboard/customer-revenue
      System.InvalidOperationException: The LINQ expression 'DbSet<Invoice>()
          .Where(i => !(i.IsDeleted))
          .Where(i => (int)i.Status != 4 && (int)i.Status != 0)
          .Join(
              inner: DbSet<ParentGroup>()
                  .Where(p => !(p.IsDeleted)), 
              outerKeySelector: i => EF.Property<Guid?>(i, "ParentGroupId"), 
              innerKeySelector: p => EF.Property<Guid?>(p, "Id"), 
              resultSelector: (o, i) => new TransparentIdentifier<Invoice, ParentGroup>(
                  Outer = o, 
                  Inner = i
              ))
          .GroupBy(i => i.Inner.CompanyName)
          .Select(g => new CustomerRevenueDto(
              g.Key, 
              g
                  .AsQueryable()
                  .Sum(e => e.Outer.GrandTotal)
          ))
          .OrderByDescending(e0 => e0.Revenue)' could not be translated. Either rewrite the query in a form that can be translated, or switch to client evaluation explicitly by inserting a call to 'AsEnumerable', 'AsAsyncEnumerable', 'ToList', or 'ToListAsync'. See https://go.microsoft.com/fwlink/?linkid=2101038 for more information.
         at Microsoft.EntityFrameworkCore.Query.QueryableMethodTranslatingExpressionVisitor.Translate(Expression expression)
         at Microsoft.EntityFrameworkCore.Query.RelationalQueryableMethodTranslatingExpressionVisitor.Translate(Expression expression)
         at Microsoft.EntityFrameworkCore.Query.QueryCompilationContext.CreateQueryExecutor[TResult](Expression query)
         at Microsoft.EntityFrameworkCore.Storage.Database.CompileQuery[TResult](Expression query, Boolean async)
         at Microsoft.EntityFrameworkCore.Query.Internal.QueryCompiler.CompileQueryCore[TResult](IDatabase database, Expression query, IModel model, Boolean async)
         at Microsoft.EntityFrameworkCore.Query.Internal.QueryCompiler.<>c__DisplayClass12_0`1.<ExecuteAsync>b__0()
         at Microsoft.EntityFrameworkCore.Query.Internal.CompiledQueryCache.GetOrAddQuery[TResult](Object cacheKey, Func`1 compiler)
         at Microsoft.EntityFrameworkCore.Query.Internal.QueryCompiler.ExecuteAsync[TResult](Expression query, CancellationToken cancellationToken)
         at Microsoft.EntityFrameworkCore.Query.Internal.EntityQueryProvider.ExecuteAsync[TResult](Expression expression, CancellationToken cancellationToken)
         at Microsoft.EntityFrameworkCore.Query.Internal.EntityQueryable`1.GetAsyncEnumerator(CancellationToken cancellationToken)
         at System.Runtime.CompilerServices.ConfiguredCancelableAsyncEnumerable`1.GetAsyncEnumerator()
         at Microsoft.EntityFrameworkCore.EntityFrameworkQueryableExtensions.ToListAsync[TSource](IQueryable`1 source, CancellationToken cancellationToken)
         at NurturedChoice.Infrastructure.Services.DashboardService.GetCustomerRevenueAsync(CancellationToken ct) in C:\Users\user\Documents\THE BEST SALES SYSTEMM\backend\src\NurturedChoice.Infrastructure\Services\DashboardService.cs:line 40
         at lambda_method445(Closure, Object)
         at Microsoft.AspNetCore.Mvc.Infrastructure.ActionMethodExecutor.AwaitableObjectResultExecutor.Execute(ActionContext actionContext, IActionResultTypeMapper mapper, ObjectMethodExecutor executor, Object controller, Object[] arguments)
         at Microsoft.AspNetCore.Mvc.Infrastructure.ControllerActionInvoker.<InvokeActionMethodAsync>g__Awaited|12_0(ControllerActionInvoker invoker, ValueTask`1 actionResultValueTask)
         at Microsoft.AspNetCore.Mvc.Infrastructure.ControllerActionInvoker.<InvokeNextActionFilterAsync>g__Awaited|10_0(ControllerActionInvoker invoker, Task lastTask, State next, Scope scope, Object state, Boolean isCompleted)
         at Microsoft.AspNetCore.Mvc.Infrastructure.ControllerActionInvoker.Rethrow(ActionExecutedContextSealed context)
         at Microsoft.AspNetCore.Mvc.Infrastructure.ControllerActionInvoker.Next(State& next, Scope& scope, Object& state, Boolean& isCompleted)
         at Microsoft.AspNetCore.Mvc.Infrastructure.ControllerActionInvoker.<InvokeInnerFilterAsync>g__Awaited|13_0(ControllerActionInvoker invoker, Task lastTask, State next, Scope scope, Object state, Boolean isCompleted)
         at Microsoft.AspNetCore.Mvc.Infrastructure.ResourceInvoker.<InvokeFilterPipelineAsync>g__Awaited|20_0(ResourceInvoker invoker, Task lastTask, State next, Scope scope, Object state, Boolean isCompleted)
         at Microsoft.AspNetCore.Mvc.Infrastructure.ResourceInvoker.<InvokeAsync>g__Awaited|17_0(ResourceInvoker invoker, Task task, IDisposable scope)
         at Microsoft.AspNetCore.Mvc.Infrastructure.ResourceInvoker.<InvokeAsync>g__Awaited|17_0(ResourceInvoker invoker, Task task, IDisposable scope)
         at Microsoft.AspNetCore.Authorization.AuthorizationMiddleware.Invoke(HttpContext context)
         at Microsoft.AspNetCore.Authentication.AuthenticationMiddleware.Invoke(HttpContext context)
         at Microsoft.AspNetCore.Diagnostics.ExceptionHandlerMiddlewareImpl.<Invoke>g__Awaited|10_0(ExceptionHandlerMiddlewareImpl middleware, HttpContext context, Task task)
fail: GlobalExceptionHandler[0]
      Unhandled request failure for GET /api/v1/dashboard/product-performance
      System.InvalidOperationException: The LINQ expression 'DbSet<InvoiceItem>()
          .Where(i => !(i.IsDeleted))
          .Join(
              inner: DbSet<Invoice>()
                  .Where(i0 => !(i0.IsDeleted))
                  .Where(i0 => (int)i0.Status != 4 && (int)i0.Status != 0), 
              outerKeySelector: i => (object)i.InvoiceId, 
              innerKeySelector: i0 => (object)i0.Id, 
              resultSelector: (i, i0) => new TransparentIdentifier<InvoiceItem, Invoice>(
                  Outer = i, 
                  Inner = i0
              ))
          .GroupBy(ti => ti.Outer.ItemName)
          .Select(g => new ProductPerformanceDto(
              g.Key, 
              g
                  .AsQueryable()
                  .Sum(e => e.Outer.Quantity), 
              g
                  .AsQueryable()
                  .Sum(e => e.Outer.LineTotal)
          ))
          .OrderByDescending(e0 => e0.Revenue)' could not be translated. Either rewrite the query in a form that can be translated, or switch to client evaluation explicitly by inserting a call to 'AsEnumerable', 'AsAsyncEnumerable', 'ToList', or 'ToListAsync'. See https://go.microsoft.com/fwlink/?linkid=2101038 for more information.
         at Microsoft.EntityFrameworkCore.Query.QueryableMethodTranslatingExpressionVisitor.Translate(Expression expression)
         at Microsoft.EntityFrameworkCore.Query.RelationalQueryableMethodTranslatingExpressionVisitor.Translate(Expression expression)
         at Microsoft.EntityFrameworkCore.Query.QueryCompilationContext.CreateQueryExecutor[TResult](Expression query)
         at Microsoft.EntityFrameworkCore.Storage.Database.CompileQuery[TResult](Expression query, Boolean async)
         at Microsoft.EntityFrameworkCore.Query.Internal.QueryCompiler.CompileQueryCore[TResult](IDatabase database, Expression query, IModel model, Boolean async)
         at Microsoft.EntityFrameworkCore.Query.Internal.QueryCompiler.<>c__DisplayClass12_0`1.<ExecuteAsync>b__0()
         at Microsoft.EntityFrameworkCore.Query.Internal.CompiledQueryCache.GetOrAddQuery[TResult](Object cacheKey, Func`1 compiler)
         at Microsoft.EntityFrameworkCore.Query.Internal.QueryCompiler.ExecuteAsync[TResult](Expression query, CancellationToken cancellationToken)
         at Microsoft.EntityFrameworkCore.Query.Internal.EntityQueryProvider.ExecuteAsync[TResult](Expression expression, CancellationToken cancellationToken)
         at Microsoft.EntityFrameworkCore.Query.Internal.EntityQueryable`1.GetAsyncEnumerator(CancellationToken cancellationToken)
         at System.Runtime.CompilerServices.ConfiguredCancelableAsyncEnumerable`1.GetAsyncEnumerator()
         at Microsoft.EntityFrameworkCore.EntityFrameworkQueryableExtensions.ToListAsync[TSource](IQueryable`1 source, CancellationToken cancellationToken)
         at NurturedChoice.Infrastructure.Services.DashboardService.GetProductPerformanceAsync(CancellationToken ct) in C:\Users\user\Documents\THE BEST SALES SYSTEMM\backend\src\NurturedChoice.Infrastructure\Services\DashboardService.cs:line 39
         at lambda_method443(Closure, Object)
         at Microsoft.AspNetCore.Mvc.Infrastructure.ActionMethodExecutor.AwaitableObjectResultExecutor.Execute(ActionContext actionContext, IActionResultTypeMapper mapper, ObjectMethodExecutor executor, Object controller, Object[] arguments)
         at Microsoft.AspNetCore.Mvc.Infrastructure.ControllerActionInvoker.<InvokeActionMethodAsync>g__Awaited|12_0(ControllerActionInvoker invoker, ValueTask`1 actionResultValueTask)
         at Microsoft.AspNetCore.Mvc.Infrastructure.ControllerActionInvoker.<InvokeNextActionFilterAsync>g__Awaited|10_0(ControllerActionInvoker invoker, Task lastTask, State next, Scope scope, Object state, Boolean isCompleted)
         at Microsoft.AspNetCore.Mvc.Infrastructure.ControllerActionInvoker.Rethrow(ActionExecutedContextSealed context)
         at Microsoft.AspNetCore.Mvc.Infrastructure.ControllerActionInvoker.Next(State& next, Scope& scope, Object& state, Boolean& isCompleted)
         at Microsoft.AspNetCore.Mvc.Infrastructure.ControllerActionInvoker.<InvokeInnerFilterAsync>g__Awaited|13_0(ControllerActionInvoker invoker, Task lastTask, State next, Scope scope, Object state, Boolean isCompleted)
         at Microsoft.AspNetCore.Mvc.Infrastructure.ResourceInvoker.<InvokeFilterPipelineAsync>g__Awaited|20_0(ResourceInvoker invoker, Task lastTask, State next, Scope scope, Object state, Boolean isCompleted)
         at Microsoft.AspNetCore.Mvc.Infrastructure.ResourceInvoker.<InvokeAsync>g__Awaited|17_0(ResourceInvoker invoker, Task task, IDisposable scope)
         at Microsoft.AspNetCore.Mvc.Infrastructure.ResourceInvoker.<InvokeAsync>g__Awaited|17_0(ResourceInvoker invoker, Task task, IDisposable scope)
         at Microsoft.AspNetCore.Authorization.AuthorizationMiddleware.Invoke(HttpContext context)
         at Microsoft.AspNetCore.Authentication.AuthenticationMiddleware.Invoke(HttpContext context)
         at Microsoft.AspNetCore.Diagnostics.ExceptionHandlerMiddlewareImpl.<Invoke>g__Awaited|10_0(ExceptionHandlerMiddlewareImpl middleware, HttpContext context, Task task)
info: Microsoft.EntityFrameworkCore.Database.Command[20101]
      Executed DbCommand (2ms) [Parameters=[@__userId_Value_0='?' (DbType = Guid), @__permissionKey_1='?'], CommandType='Text', CommandTimeout='30']
      SELECT EXISTS (
          SELECT 1
          FROM app_user_roles AS a
          INNER JOIN (
              SELECT a0."Id", a0."CreatedAt", a0."CreatedBy", a0."DeletedAt", a0."DeletedBy", a0."Description", a0."IsDeleted", a0."Name", a0."RowVersion", a0."Status", a0."UpdatedAt", a0."UpdatedBy"
              FROM app_roles AS a0
              WHERE NOT (a0."IsDeleted")
          ) AS t ON a."AppRoleId" = t."Id"
          WHERE NOT (a."IsDeleted") AND a."AppUserId" = @__userId_Value_0 AND (t."Name" = 'Super Administrator' OR EXISTS (
              SELECT 1
              FROM app_role_permissions AS a1
              WHERE NOT (a1."IsDeleted") AND t."Id" = a1."AppRoleId" AND EXISTS (
                  SELECT 1
                  FROM app_permissions AS a2
                  WHERE NOT (a2."IsDeleted") AND a2."Id" = a1."AppPermissionId" AND a2."Key" = @__permissionKey_1))))
info: Microsoft.EntityFrameworkCore.Database.Command[20101]
      Executed DbCommand (1ms) [Parameters=[], CommandType='Text', CommandTimeout='30']
      SELECT count(*)::int
      FROM parent_groups AS p
      WHERE NOT (p."IsDeleted")
info: Microsoft.EntityFrameworkCore.Database.Command[20101]
      Executed DbCommand (4ms) [Parameters=[@__p_1='?' (DbType = Int32), @__p_0='?' (DbType = Int32)], CommandType='Text', CommandTimeout='30']
      SELECT t."Id", t."CompanyName", t."ContactPerson", t."Email", t."Phone", t."CreditLimit", t."Status", t.c, t."Address", t0."Id", t0."ParentGroupId", t0."BranchName", t0."Address", t0."ContactPerson", t0."Email", t0."Phone"
      FROM (
          SELECT p."Id", p."CompanyName", p."ContactPerson", p."Email", p."Phone", p."CreditLimit", p."Status", (
              SELECT count(*)::int
              FROM branches AS b
              WHERE NOT (b."IsDeleted") AND p."Id" = b."ParentGroupId") AS c, p."Address"
          FROM parent_groups AS p
          WHERE NOT (p."IsDeleted")
          ORDER BY p."CompanyName"
          LIMIT @__p_1 OFFSET @__p_0
      ) AS t
      LEFT JOIN (
          SELECT b0."Id", b0."ParentGroupId", b0."BranchName", b0."Address", b0."ContactPerson", b0."Email", b0."Phone"
          FROM branches AS b0
          WHERE NOT (b0."IsDeleted")
      ) AS t0 ON t."Id" = t0."ParentGroupId"
      ORDER BY t."CompanyName", t."Id", t0."BranchName"
info: Microsoft.EntityFrameworkCore.Database.Command[20101]
      Executed DbCommand (1ms) [Parameters=[@__userId_Value_0='?' (DbType = Guid), @__permissionKey_1='?'], CommandType='Text', CommandTimeout='30']
      SELECT EXISTS (
          SELECT 1
          FROM app_user_roles AS a
          INNER JOIN (
              SELECT a0."Id", a0."CreatedAt", a0."CreatedBy", a0."DeletedAt", a0."DeletedBy", a0."Description", a0."IsDeleted", a0."Name", a0."RowVersion", a0."Status", a0."UpdatedAt", a0."UpdatedBy"
              FROM app_roles AS a0
              WHERE NOT (a0."IsDeleted")
          ) AS t ON a."AppRoleId" = t."Id"
          WHERE NOT (a."IsDeleted") AND a."AppUserId" = @__userId_Value_0 AND (t."Name" = 'Super Administrator' OR EXISTS (
              SELECT 1
              FROM app_role_permissions AS a1
              WHERE NOT (a1."IsDeleted") AND t."Id" = a1."AppRoleId" AND EXISTS (
                  SELECT 1
                  FROM app_permissions AS a2
                  WHERE NOT (a2."IsDeleted") AND a2."Id" = a1."AppPermissionId" AND a2."Key" = @__permissionKey_1))))
info: Microsoft.EntityFrameworkCore.Database.Command[20101]
      Executed DbCommand (1ms) [Parameters=[@__userId_Value_0='?' (DbType = Guid), @__permissionKey_1='?'], CommandType='Text', CommandTimeout='30']
      SELECT EXISTS (
          SELECT 1
          FROM app_user_roles AS a
          INNER JOIN (
              SELECT a0."Id", a0."CreatedAt", a0."CreatedBy", a0."DeletedAt", a0."DeletedBy", a0."Description", a0."IsDeleted", a0."Name", a0."RowVersion", a0."Status", a0."UpdatedAt", a0."UpdatedBy"
              FROM app_roles AS a0
              WHERE NOT (a0."IsDeleted")
          ) AS t ON a."AppRoleId" = t."Id"
          WHERE NOT (a."IsDeleted") AND a."AppUserId" = @__userId_Value_0 AND (t."Name" = 'Super Administrator' OR EXISTS (
              SELECT 1
              FROM app_role_permissions AS a1
              WHERE NOT (a1."IsDeleted") AND t."Id" = a1."AppRoleId" AND EXISTS (
                  SELECT 1
                  FROM app_permissions AS a2
                  WHERE NOT (a2."IsDeleted") AND a2."Id" = a1."AppPermissionId" AND a2."Key" = @__permissionKey_1))))
fail: Microsoft.AspNetCore.Diagnostics.ExceptionHandlerMiddleware[1]
      An unhandled exception has occurred while executing the request.
      System.InvalidOperationException: The LINQ expression 'DbSet<Invoice>()
          .Where(i => !(i.IsDeleted))
          .Where(i => (int)i.Status != 4 && (int)i.Status != 0)
          .Join(
              inner: DbSet<ParentGroup>()
                  .Where(p => !(p.IsDeleted)), 
              outerKeySelector: i => EF.Property<Guid?>(i, "ParentGroupId"), 
              innerKeySelector: p => EF.Property<Guid?>(p, "Id"), 
              resultSelector: (o, i) => new TransparentIdentifier<Invoice, ParentGroup>(
                  Outer = o, 
                  Inner = i
              ))
          .GroupBy(i => i.Inner.CompanyName)
          .Select(g => new CustomerRevenueDto(
              g.Key, 
              g
                  .AsQueryable()
                  .Sum(e => e.Outer.GrandTotal)
          ))
          .OrderByDescending(e0 => e0.Revenue)' could not be translated. Either rewrite the query in a form that can be translated, or switch to client evaluation explicitly by inserting a call to 'AsEnumerable', 'AsAsyncEnumerable', 'ToList', or 'ToListAsync'. See https://go.microsoft.com/fwlink/?linkid=2101038 for more information.
         at Microsoft.EntityFrameworkCore.Query.QueryableMethodTranslatingExpressionVisitor.Translate(Expression expression)
         at Microsoft.EntityFrameworkCore.Query.RelationalQueryableMethodTranslatingExpressionVisitor.Translate(Expression expression)
         at Microsoft.EntityFrameworkCore.Query.QueryCompilationContext.CreateQueryExecutor[TResult](Expression query)
         at Microsoft.EntityFrameworkCore.Storage.Database.CompileQuery[TResult](Expression query, Boolean async)
         at Microsoft.EntityFrameworkCore.Query.Internal.QueryCompiler.CompileQueryCore[TResult](IDatabase database, Expression query, IModel model, Boolean async)
         at Microsoft.EntityFrameworkCore.Query.Internal.QueryCompiler.<>c__DisplayClass12_0`1.<ExecuteAsync>b__0()
         at Microsoft.EntityFrameworkCore.Query.Internal.CompiledQueryCache.GetOrAddQuery[TResult](Object cacheKey, Func`1 compiler)
         at Microsoft.EntityFrameworkCore.Query.Internal.QueryCompiler.ExecuteAsync[TResult](Expression query, CancellationToken cancellationToken)
         at Microsoft.EntityFrameworkCore.Query.Internal.EntityQueryProvider.ExecuteAsync[TResult](Expression expression, CancellationToken cancellationToken)
         at Microsoft.EntityFrameworkCore.Query.Internal.EntityQueryable`1.GetAsyncEnumerator(CancellationToken cancellationToken)
         at System.Runtime.CompilerServices.ConfiguredCancelableAsyncEnumerable`1.GetAsyncEnumerator()
         at Microsoft.EntityFrameworkCore.EntityFrameworkQueryableExtensions.ToListAsync[TSource](IQueryable`1 source, CancellationToken cancellationToken)
         at NurturedChoice.Infrastructure.Services.DashboardService.GetCustomerRevenueAsync(CancellationToken ct) in C:\Users\user\Documents\THE BEST SALES SYSTEMM\backend\src\NurturedChoice.Infrastructure\Services\DashboardService.cs:line 40
         at lambda_method445(Closure, Object)
         at Microsoft.AspNetCore.Mvc.Infrastructure.ActionMethodExecutor.AwaitableObjectResultExecutor.Execute(ActionContext actionContext, IActionResultTypeMapper mapper, ObjectMethodExecutor executor, Object controller, Object[] arguments)
         at Microsoft.AspNetCore.Mvc.Infrastructure.ControllerActionInvoker.<InvokeActionMethodAsync>g__Awaited|12_0(ControllerActionInvoker invoker, ValueTask`1 actionResultValueTask)
         at Microsoft.AspNetCore.Mvc.Infrastructure.ControllerActionInvoker.<InvokeNextActionFilterAsync>g__Awaited|10_0(ControllerActionInvoker invoker, Task lastTask, State next, Scope scope, Object state, Boolean isCompleted)
         at Microsoft.AspNetCore.Mvc.Infrastructure.ControllerActionInvoker.Rethrow(ActionExecutedContextSealed context)
         at Microsoft.AspNetCore.Mvc.Infrastructure.ControllerActionInvoker.Next(State& next, Scope& scope, Object& state, Boolean& isCompleted)
         at Microsoft.AspNetCore.Mvc.Infrastructure.ControllerActionInvoker.<InvokeInnerFilterAsync>g__Awaited|13_0(ControllerActionInvoker invoker, Task lastTask, State next, Scope scope, Object state, Boolean isCompleted)
         at Microsoft.AspNetCore.Mvc.Infrastructure.ResourceInvoker.<InvokeFilterPipelineAsync>g__Awaited|20_0(ResourceInvoker invoker, Task lastTask, State next, Scope scope, Object state, Boolean isCompleted)
         at Microsoft.AspNetCore.Mvc.Infrastructure.ResourceInvoker.<InvokeAsync>g__Awaited|17_0(ResourceInvoker invoker, Task task, IDisposable scope)
         at Microsoft.AspNetCore.Mvc.Infrastructure.ResourceInvoker.<InvokeAsync>g__Awaited|17_0(ResourceInvoker invoker, Task task, IDisposable scope)
         at Microsoft.AspNetCore.Authorization.AuthorizationMiddleware.Invoke(HttpContext context)
         at Microsoft.AspNetCore.Authentication.AuthenticationMiddleware.Invoke(HttpContext context)
         at Microsoft.AspNetCore.Diagnostics.ExceptionHandlerMiddlewareImpl.<Invoke>g__Awaited|10_0(ExceptionHandlerMiddlewareImpl middleware, HttpContext context, Task task)
fail: Microsoft.AspNetCore.Diagnostics.ExceptionHandlerMiddleware[1]
      An unhandled exception has occurred while executing the request.
      System.InvalidOperationException: The LINQ expression 'DbSet<InvoiceItem>()
          .Where(i => !(i.IsDeleted))
          .Join(
              inner: DbSet<Invoice>()
                  .Where(i0 => !(i0.IsDeleted))
                  .Where(i0 => (int)i0.Status != 4 && (int)i0.Status != 0), 
              outerKeySelector: i => (object)i.InvoiceId, 
              innerKeySelector: i0 => (object)i0.Id, 
              resultSelector: (i, i0) => new TransparentIdentifier<InvoiceItem, Invoice>(
                  Outer = i, 
                  Inner = i0
              ))
          .GroupBy(ti => ti.Outer.ItemName)
          .Select(g => new ProductPerformanceDto(
              g.Key, 
              g
                  .AsQueryable()
                  .Sum(e => e.Outer.Quantity), 
              g
                  .AsQueryable()
                  .Sum(e => e.Outer.LineTotal)
          ))
          .OrderByDescending(e0 => e0.Revenue)' could not be translated. Either rewrite the query in a form that can be translated, or switch to client evaluation explicitly by inserting a call to 'AsEnumerable', 'AsAsyncEnumerable', 'ToList', or 'ToListAsync'. See https://go.microsoft.com/fwlink/?linkid=2101038 for more information.
         at Microsoft.EntityFrameworkCore.Query.QueryableMethodTranslatingExpressionVisitor.Translate(Expression expression)
         at Microsoft.EntityFrameworkCore.Query.RelationalQueryableMethodTranslatingExpressionVisitor.Translate(Expression expression)
         at Microsoft.EntityFrameworkCore.Query.QueryCompilationContext.CreateQueryExecutor[TResult](Expression query)
         at Microsoft.EntityFrameworkCore.Storage.Database.CompileQuery[TResult](Expression query, Boolean async)
         at Microsoft.EntityFrameworkCore.Query.Internal.QueryCompiler.CompileQueryCore[TResult](IDatabase database, Expression query, IModel model, Boolean async)
         at Microsoft.EntityFrameworkCore.Query.Internal.QueryCompiler.<>c__DisplayClass12_0`1.<ExecuteAsync>b__0()
         at Microsoft.EntityFrameworkCore.Query.Internal.CompiledQueryCache.GetOrAddQuery[TResult](Object cacheKey, Func`1 compiler)
         at Microsoft.EntityFrameworkCore.Query.Internal.QueryCompiler.ExecuteAsync[TResult](Expression query, CancellationToken cancellationToken)
         at Microsoft.EntityFrameworkCore.Query.Internal.EntityQueryProvider.ExecuteAsync[TResult](Expression expression, CancellationToken cancellationToken)
         at Microsoft.EntityFrameworkCore.Query.Internal.EntityQueryable`1.GetAsyncEnumerator(CancellationToken cancellationToken)
         at System.Runtime.CompilerServices.ConfiguredCancelableAsyncEnumerable`1.GetAsyncEnumerator()
         at Microsoft.EntityFrameworkCore.EntityFrameworkQueryableExtensions.ToListAsync[TSource](IQueryable`1 source, CancellationToken cancellationToken)
         at NurturedChoice.Infrastructure.Services.DashboardService.GetProductPerformanceAsync(CancellationToken ct) in C:\Users\user\Documents\THE BEST SALES SYSTEMM\backend\src\NurturedChoice.Infrastructure\Services\DashboardService.cs:line 39
         at lambda_method443(Closure, Object)
         at Microsoft.AspNetCore.Mvc.Infrastructure.ActionMethodExecutor.AwaitableObjectResultExecutor.Execute(ActionContext actionContext, IActionResultTypeMapper mapper, ObjectMethodExecutor executor, Object controller, Object[] arguments)
         at Microsoft.AspNetCore.Mvc.Infrastructure.ControllerActionInvoker.<InvokeActionMethodAsync>g__Awaited|12_0(ControllerActionInvoker invoker, ValueTask`1 actionResultValueTask)
         at Microsoft.AspNetCore.Mvc.Infrastructure.ControllerActionInvoker.<InvokeNextActionFilterAsync>g__Awaited|10_0(ControllerActionInvoker invoker, Task lastTask, State next, Scope scope, Object state, Boolean isCompleted)
         at Microsoft.AspNetCore.Mvc.Infrastructure.ControllerActionInvoker.Rethrow(ActionExecutedContextSealed context)
         at Microsoft.AspNetCore.Mvc.Infrastructure.ControllerActionInvoker.Next(State& next, Scope& scope, Object& state, Boolean& isCompleted)
         at Microsoft.AspNetCore.Mvc.Infrastructure.ControllerActionInvoker.<InvokeInnerFilterAsync>g__Awaited|13_0(ControllerActionInvoker invoker, Task lastTask, State next, Scope scope, Object state, Boolean isCompleted)
         at Microsoft.AspNetCore.Mvc.Infrastructure.ResourceInvoker.<InvokeFilterPipelineAsync>g__Awaited|20_0(ResourceInvoker invoker, Task lastTask, State next, Scope scope, Object state, Boolean isCompleted)
         at Microsoft.AspNetCore.Mvc.Infrastructure.ResourceInvoker.<InvokeAsync>g__Awaited|17_0(ResourceInvoker invoker, Task task, IDisposable scope)
         at Microsoft.AspNetCore.Mvc.Infrastructure.ResourceInvoker.<InvokeAsync>g__Awaited|17_0(ResourceInvoker invoker, Task task, IDisposable scope)
         at Microsoft.AspNetCore.Authorization.AuthorizationMiddleware.Invoke(HttpContext context)
         at Microsoft.AspNetCore.Authentication.AuthenticationMiddleware.Invoke(HttpContext context)
         at Microsoft.AspNetCore.Diagnostics.ExceptionHandlerMiddlewareImpl.<Invoke>g__Awaited|10_0(ExceptionHandlerMiddlewareImpl middleware, HttpContext context, Task task)
fail: GlobalExceptionHandler[0]
      Unhandled request failure for GET /api/v1/dashboard/product-performance
      System.InvalidOperationException: The LINQ expression 'DbSet<InvoiceItem>()
          .Where(i => !(i.IsDeleted))
          .Join(
              inner: DbSet<Invoice>()
                  .Where(i0 => !(i0.IsDeleted))
                  .Where(i0 => (int)i0.Status != 4 && (int)i0.Status != 0), 
              outerKeySelector: i => (object)i.InvoiceId, 
              innerKeySelector: i0 => (object)i0.Id, 
              resultSelector: (i, i0) => new TransparentIdentifier<InvoiceItem, Invoice>(
                  Outer = i, 
                  Inner = i0
              ))
          .GroupBy(ti => ti.Outer.ItemName)
          .Select(g => new ProductPerformanceDto(
              g.Key, 
              g
                  .AsQueryable()
                  .Sum(e => e.Outer.Quantity), 
              g
                  .AsQueryable()
                  .Sum(e => e.Outer.LineTotal)
          ))
          .OrderByDescending(e0 => e0.Revenue)' could not be translated. Either rewrite the query in a form that can be translated, or switch to client evaluation explicitly by inserting a call to 'AsEnumerable', 'AsAsyncEnumerable', 'ToList', or 'ToListAsync'. See https://go.microsoft.com/fwlink/?linkid=2101038 for more information.
         at Microsoft.EntityFrameworkCore.Query.QueryableMethodTranslatingExpressionVisitor.Translate(Expression expression)
         at Microsoft.EntityFrameworkCore.Query.RelationalQueryableMethodTranslatingExpressionVisitor.Translate(Expression expression)
         at Microsoft.EntityFrameworkCore.Query.QueryCompilationContext.CreateQueryExecutor[TResult](Expression query)
         at Microsoft.EntityFrameworkCore.Storage.Database.CompileQuery[TResult](Expression query, Boolean async)
         at Microsoft.EntityFrameworkCore.Query.Internal.QueryCompiler.CompileQueryCore[TResult](IDatabase database, Expression query, IModel model, Boolean async)
         at Microsoft.EntityFrameworkCore.Query.Internal.QueryCompiler.<>c__DisplayClass12_0`1.<ExecuteAsync>b__0()
         at Microsoft.EntityFrameworkCore.Query.Internal.CompiledQueryCache.GetOrAddQuery[TResult](Object cacheKey, Func`1 compiler)
         at Microsoft.EntityFrameworkCore.Query.Internal.QueryCompiler.ExecuteAsync[TResult](Expression query, CancellationToken cancellationToken)
         at Microsoft.EntityFrameworkCore.Query.Internal.EntityQueryProvider.ExecuteAsync[TResult](Expression expression, CancellationToken cancellationToken)
         at Microsoft.EntityFrameworkCore.Query.Internal.EntityQueryable`1.GetAsyncEnumerator(CancellationToken cancellationToken)
         at System.Runtime.CompilerServices.ConfiguredCancelableAsyncEnumerable`1.GetAsyncEnumerator()
         at Microsoft.EntityFrameworkCore.EntityFrameworkQueryableExtensions.ToListAsync[TSource](IQueryable`1 source, CancellationToken cancellationToken)
         at NurturedChoice.Infrastructure.Services.DashboardService.GetProductPerformanceAsync(CancellationToken ct) in C:\Users\user\Documents\THE BEST SALES SYSTEMM\backend\src\NurturedChoice.Infrastructure\Services\DashboardService.cs:line 39
         at lambda_method443(Closure, Object)
         at Microsoft.AspNetCore.Mvc.Infrastructure.ActionMethodExecutor.AwaitableObjectResultExecutor.Execute(ActionContext actionContext, IActionResultTypeMapper mapper, ObjectMethodExecutor executor, Object controller, Object[] arguments)
         at Microsoft.AspNetCore.Mvc.Infrastructure.ControllerActionInvoker.<InvokeActionMethodAsync>g__Awaited|12_0(ControllerActionInvoker invoker, ValueTask`1 actionResultValueTask)
         at Microsoft.AspNetCore.Mvc.Infrastructure.ControllerActionInvoker.<InvokeNextActionFilterAsync>g__Awaited|10_0(ControllerActionInvoker invoker, Task lastTask, State next, Scope scope, Object state, Boolean isCompleted)
         at Microsoft.AspNetCore.Mvc.Infrastructure.ControllerActionInvoker.Rethrow(ActionExecutedContextSealed context)
         at Microsoft.AspNetCore.Mvc.Infrastructure.ControllerActionInvoker.Next(State& next, Scope& scope, Object& state, Boolean& isCompleted)
         at Microsoft.AspNetCore.Mvc.Infrastructure.ControllerActionInvoker.<InvokeInnerFilterAsync>g__Awaited|13_0(ControllerActionInvoker invoker, Task lastTask, State next, Scope scope, Object state, Boolean isCompleted)
         at Microsoft.AspNetCore.Mvc.Infrastructure.ResourceInvoker.<InvokeFilterPipelineAsync>g__Awaited|20_0(ResourceInvoker invoker, Task lastTask, State next, Scope scope, Object state, Boolean isCompleted)
         at Microsoft.AspNetCore.Mvc.Infrastructure.ResourceInvoker.<InvokeAsync>g__Awaited|17_0(ResourceInvoker invoker, Task task, IDisposable scope)
         at Microsoft.AspNetCore.Mvc.Infrastructure.ResourceInvoker.<InvokeAsync>g__Awaited|17_0(ResourceInvoker invoker, Task task, IDisposable scope)
         at Microsoft.AspNetCore.Authorization.AuthorizationMiddleware.Invoke(HttpContext context)
         at Microsoft.AspNetCore.Authentication.AuthenticationMiddleware.Invoke(HttpContext context)
         at Microsoft.AspNetCore.Diagnostics.ExceptionHandlerMiddlewareImpl.<Invoke>g__Awaited|10_0(ExceptionHandlerMiddlewareImpl middleware, HttpContext context, Task task)
fail: GlobalExceptionHandler[0]
      Unhandled request failure for GET /api/v1/dashboard/customer-revenue
      System.InvalidOperationException: The LINQ expression 'DbSet<Invoice>()
          .Where(i => !(i.IsDeleted))
          .Where(i => (int)i.Status != 4 && (int)i.Status != 0)
          .Join(
              inner: DbSet<ParentGroup>()
                  .Where(p => !(p.IsDeleted)), 
              outerKeySelector: i => EF.Property<Guid?>(i, "ParentGroupId"), 
              innerKeySelector: p => EF.Property<Guid?>(p, "Id"), 
              resultSelector: (o, i) => new TransparentIdentifier<Invoice, ParentGroup>(
                  Outer = o, 
                  Inner = i
              ))
          .GroupBy(i => i.Inner.CompanyName)
          .Select(g => new CustomerRevenueDto(
              g.Key, 
              g
                  .AsQueryable()
                  .Sum(e => e.Outer.GrandTotal)
          ))
          .OrderByDescending(e0 => e0.Revenue)' could not be translated. Either rewrite the query in a form that can be translated, or switch to client evaluation explicitly by inserting a call to 'AsEnumerable', 'AsAsyncEnumerable', 'ToList', or 'ToListAsync'. See https://go.microsoft.com/fwlink/?linkid=2101038 for more information.
         at Microsoft.EntityFrameworkCore.Query.QueryableMethodTranslatingExpressionVisitor.Translate(Expression expression)
         at Microsoft.EntityFrameworkCore.Query.RelationalQueryableMethodTranslatingExpressionVisitor.Translate(Expression expression)
         at Microsoft.EntityFrameworkCore.Query.QueryCompilationContext.CreateQueryExecutor[TResult](Expression query)
         at Microsoft.EntityFrameworkCore.Storage.Database.CompileQuery[TResult](Expression query, Boolean async)
         at Microsoft.EntityFrameworkCore.Query.Internal.QueryCompiler.CompileQueryCore[TResult](IDatabase database, Expression query, IModel model, Boolean async)
         at Microsoft.EntityFrameworkCore.Query.Internal.QueryCompiler.<>c__DisplayClass12_0`1.<ExecuteAsync>b__0()
         at Microsoft.EntityFrameworkCore.Query.Internal.CompiledQueryCache.GetOrAddQuery[TResult](Object cacheKey, Func`1 compiler)
         at Microsoft.EntityFrameworkCore.Query.Internal.QueryCompiler.ExecuteAsync[TResult](Expression query, CancellationToken cancellationToken)
         at Microsoft.EntityFrameworkCore.Query.Internal.EntityQueryProvider.ExecuteAsync[TResult](Expression expression, CancellationToken cancellationToken)
         at Microsoft.EntityFrameworkCore.Query.Internal.EntityQueryable`1.GetAsyncEnumerator(CancellationToken cancellationToken)
         at System.Runtime.CompilerServices.ConfiguredCancelableAsyncEnumerable`1.GetAsyncEnumerator()
         at Microsoft.EntityFrameworkCore.EntityFrameworkQueryableExtensions.ToListAsync[TSource](IQueryable`1 source, CancellationToken cancellationToken)
         at NurturedChoice.Infrastructure.Services.DashboardService.GetCustomerRevenueAsync(CancellationToken ct) in C:\Users\user\Documents\THE BEST SALES SYSTEMM\backend\src\NurturedChoice.Infrastructure\Services\DashboardService.cs:line 40
         at lambda_method445(Closure, Object)
         at Microsoft.AspNetCore.Mvc.Infrastructure.ActionMethodExecutor.AwaitableObjectResultExecutor.Execute(ActionContext actionContext, IActionResultTypeMapper mapper, ObjectMethodExecutor executor, Object controller, Object[] arguments)
         at Microsoft.AspNetCore.Mvc.Infrastructure.ControllerActionInvoker.<InvokeActionMethodAsync>g__Awaited|12_0(ControllerActionInvoker invoker, ValueTask`1 actionResultValueTask)
         at Microsoft.AspNetCore.Mvc.Infrastructure.ControllerActionInvoker.<InvokeNextActionFilterAsync>g__Awaited|10_0(ControllerActionInvoker invoker, Task lastTask, State next, Scope scope, Object state, Boolean isCompleted)
         at Microsoft.AspNetCore.Mvc.Infrastructure.ControllerActionInvoker.Rethrow(ActionExecutedContextSealed context)
         at Microsoft.AspNetCore.Mvc.Infrastructure.ControllerActionInvoker.Next(State& next, Scope& scope, Object& state, Boolean& isCompleted)
         at Microsoft.AspNetCore.Mvc.Infrastructure.ControllerActionInvoker.<InvokeInnerFilterAsync>g__Awaited|13_0(ControllerActionInvoker invoker, Task lastTask, State next, Scope scope, Object state, Boolean isCompleted)
         at Microsoft.AspNetCore.Mvc.Infrastructure.ResourceInvoker.<InvokeFilterPipelineAsync>g__Awaited|20_0(ResourceInvoker invoker, Task lastTask, State next, Scope scope, Object state, Boolean isCompleted)
         at Microsoft.AspNetCore.Mvc.Infrastructure.ResourceInvoker.<InvokeAsync>g__Awaited|17_0(ResourceInvoker invoker, Task task, IDisposable scope)
         at Microsoft.AspNetCore.Mvc.Infrastructure.ResourceInvoker.<InvokeAsync>g__Awaited|17_0(ResourceInvoker invoker, Task task, IDisposable scope)
         at Microsoft.AspNetCore.Authorization.AuthorizationMiddleware.Invoke(HttpContext context)
         at Microsoft.AspNetCore.Authentication.AuthenticationMiddleware.Invoke(HttpContext context)
         at Microsoft.AspNetCore.Diagnostics.ExceptionHandlerMiddlewareImpl.<Invoke>g__Awaited|10_0(ExceptionHandlerMiddlewareImpl middleware, HttpContext context, Task task)
info: Microsoft.EntityFrameworkCore.Database.Command[20101]
      Executed DbCommand (1ms) [Parameters=[@__userId_Value_0='?' (DbType = Guid), @__permissionKey_1='?'], CommandType='Text', CommandTimeout='30']
      SELECT EXISTS (
          SELECT 1
          FROM app_user_roles AS a
          INNER JOIN (
              SELECT a0."Id", a0."CreatedAt", a0."CreatedBy", a0."DeletedAt", a0."DeletedBy", a0."Description", a0."IsDeleted", a0."Name", a0."RowVersion", a0."Status", a0."UpdatedAt", a0."UpdatedBy"
              FROM app_roles AS a0
              WHERE NOT (a0."IsDeleted")
          ) AS t ON a."AppRoleId" = t."Id"
          WHERE NOT (a."IsDeleted") AND a."AppUserId" = @__userId_Value_0 AND (t."Name" = 'Super Administrator' OR EXISTS (
              SELECT 1
              FROM app_role_permissions AS a1
              WHERE NOT (a1."IsDeleted") AND t."Id" = a1."AppRoleId" AND EXISTS (
                  SELECT 1
                  FROM app_permissions AS a2
                  WHERE NOT (a2."IsDeleted") AND a2."Id" = a1."AppPermissionId" AND a2."Key" = @__permissionKey_1))))
info: Microsoft.EntityFrameworkCore.Database.Command[20101]
      Executed DbCommand (1ms) [Parameters=[@__userId_Value_0='?' (DbType = Guid), @__permissionKey_1='?'], CommandType='Text', CommandTimeout='30']
      SELECT EXISTS (
          SELECT 1
          FROM app_user_roles AS a
          INNER JOIN (
              SELECT a0."Id", a0."CreatedAt", a0."CreatedBy", a0."DeletedAt", a0."DeletedBy", a0."Description", a0."IsDeleted", a0."Name", a0."RowVersion", a0."Status", a0."UpdatedAt", a0."UpdatedBy"
              FROM app_roles AS a0
              WHERE NOT (a0."IsDeleted")
          ) AS t ON a."AppRoleId" = t."Id"
          WHERE NOT (a."IsDeleted") AND a."AppUserId" = @__userId_Value_0 AND (t."Name" = 'Super Administrator' OR EXISTS (
              SELECT 1
              FROM app_role_permissions AS a1
              WHERE NOT (a1."IsDeleted") AND t."Id" = a1."AppRoleId" AND EXISTS (
                  SELECT 1
                  FROM app_permissions AS a2
                  WHERE NOT (a2."IsDeleted") AND a2."Id" = a1."AppPermissionId" AND a2."Key" = @__permissionKey_1))))
fail: Microsoft.AspNetCore.Diagnostics.ExceptionHandlerMiddleware[1]
      An unhandled exception has occurred while executing the request.
      System.InvalidOperationException: The LINQ expression 'DbSet<Invoice>()
          .Where(i => !(i.IsDeleted))
          .Where(i => (int)i.Status != 4 && (int)i.Status != 0)
          .Join(
              inner: DbSet<ParentGroup>()
                  .Where(p => !(p.IsDeleted)), 
              outerKeySelector: i => EF.Property<Guid?>(i, "ParentGroupId"), 
              innerKeySelector: p => EF.Property<Guid?>(p, "Id"), 
              resultSelector: (o, i) => new TransparentIdentifier<Invoice, ParentGroup>(
                  Outer = o, 
                  Inner = i
              ))
          .GroupBy(i => i.Inner.CompanyName)
          .Select(g => new CustomerRevenueDto(
              g.Key, 
              g
                  .AsQueryable()
                  .Sum(e => e.Outer.GrandTotal)
          ))
          .OrderByDescending(e0 => e0.Revenue)' could not be translated. Either rewrite the query in a form that can be translated, or switch to client evaluation explicitly by inserting a call to 'AsEnumerable', 'AsAsyncEnumerable', 'ToList', or 'ToListAsync'. See https://go.microsoft.com/fwlink/?linkid=2101038 for more information.
         at Microsoft.EntityFrameworkCore.Query.QueryableMethodTranslatingExpressionVisitor.Translate(Expression expression)
         at Microsoft.EntityFrameworkCore.Query.RelationalQueryableMethodTranslatingExpressionVisitor.Translate(Expression expression)
         at Microsoft.EntityFrameworkCore.Query.QueryCompilationContext.CreateQueryExecutor[TResult](Expression query)
         at Microsoft.EntityFrameworkCore.Storage.Database.CompileQuery[TResult](Expression query, Boolean async)
         at Microsoft.EntityFrameworkCore.Query.Internal.QueryCompiler.CompileQueryCore[TResult](IDatabase database, Expression query, IModel model, Boolean async)
         at Microsoft.EntityFrameworkCore.Query.Internal.QueryCompiler.<>c__DisplayClass12_0`1.<ExecuteAsync>b__0()
         at Microsoft.EntityFrameworkCore.Query.Internal.CompiledQueryCache.GetOrAddQuery[TResult](Object cacheKey, Func`1 compiler)
         at Microsoft.EntityFrameworkCore.Query.Internal.QueryCompiler.ExecuteAsync[TResult](Expression query, CancellationToken cancellationToken)
         at Microsoft.EntityFrameworkCore.Query.Internal.EntityQueryProvider.ExecuteAsync[TResult](Expression expression, CancellationToken cancellationToken)
         at Microsoft.EntityFrameworkCore.Query.Internal.EntityQueryable`1.GetAsyncEnumerator(CancellationToken cancellationToken)
         at System.Runtime.CompilerServices.ConfiguredCancelableAsyncEnumerable`1.GetAsyncEnumerator()
         at Microsoft.EntityFrameworkCore.EntityFrameworkQueryableExtensions.ToListAsync[TSource](IQueryable`1 source, CancellationToken cancellationToken)
         at NurturedChoice.Infrastructure.Services.DashboardService.GetCustomerRevenueAsync(CancellationToken ct) in C:\Users\user\Documents\THE BEST SALES SYSTEMM\backend\src\NurturedChoice.Infrastructure\Services\DashboardService.cs:line 40
         at lambda_method445(Closure, Object)
         at Microsoft.AspNetCore.Mvc.Infrastructure.ActionMethodExecutor.AwaitableObjectResultExecutor.Execute(ActionContext actionContext, IActionResultTypeMapper mapper, ObjectMethodExecutor executor, Object controller, Object[] arguments)
         at Microsoft.AspNetCore.Mvc.Infrastructure.ControllerActionInvoker.<InvokeActionMethodAsync>g__Awaited|12_0(ControllerActionInvoker invoker, ValueTask`1 actionResultValueTask)
         at Microsoft.AspNetCore.Mvc.Infrastructure.ControllerActionInvoker.<InvokeNextActionFilterAsync>g__Awaited|10_0(ControllerActionInvoker invoker, Task lastTask, State next, Scope scope, Object state, Boolean isCompleted)
         at Microsoft.AspNetCore.Mvc.Infrastructure.ControllerActionInvoker.Rethrow(ActionExecutedContextSealed context)
         at Microsoft.AspNetCore.Mvc.Infrastructure.ControllerActionInvoker.Next(State& next, Scope& scope, Object& state, Boolean& isCompleted)
         at Microsoft.AspNetCore.Mvc.Infrastructure.ControllerActionInvoker.<InvokeInnerFilterAsync>g__Awaited|13_0(ControllerActionInvoker invoker, Task lastTask, State next, Scope scope, Object state, Boolean isCompleted)
         at Microsoft.AspNetCore.Mvc.Infrastructure.ResourceInvoker.<InvokeFilterPipelineAsync>g__Awaited|20_0(ResourceInvoker invoker, Task lastTask, State next, Scope scope, Object state, Boolean isCompleted)
         at Microsoft.AspNetCore.Mvc.Infrastructure.ResourceInvoker.<InvokeAsync>g__Awaited|17_0(ResourceInvoker invoker, Task task, IDisposable scope)
         at Microsoft.AspNetCore.Mvc.Infrastructure.ResourceInvoker.<InvokeAsync>g__Awaited|17_0(ResourceInvoker invoker, Task task, IDisposable scope)
         at Microsoft.AspNetCore.Authorization.AuthorizationMiddleware.Invoke(HttpContext context)
         at Microsoft.AspNetCore.Authentication.AuthenticationMiddleware.Invoke(HttpContext context)
         at Microsoft.AspNetCore.Diagnostics.ExceptionHandlerMiddlewareImpl.<Invoke>g__Awaited|10_0(ExceptionHandlerMiddlewareImpl middleware, HttpContext context, Task task)
fail: Microsoft.AspNetCore.Diagnostics.ExceptionHandlerMiddleware[1]
      An unhandled exception has occurred while executing the request.
      System.InvalidOperationException: The LINQ expression 'DbSet<InvoiceItem>()
          .Where(i => !(i.IsDeleted))
          .Join(
              inner: DbSet<Invoice>()
                  .Where(i0 => !(i0.IsDeleted))
                  .Where(i0 => (int)i0.Status != 4 && (int)i0.Status != 0), 
              outerKeySelector: i => (object)i.InvoiceId, 
              innerKeySelector: i0 => (object)i0.Id, 
              resultSelector: (i, i0) => new TransparentIdentifier<InvoiceItem, Invoice>(
                  Outer = i, 
                  Inner = i0
              ))
          .GroupBy(ti => ti.Outer.ItemName)
          .Select(g => new ProductPerformanceDto(
              g.Key, 
              g
                  .AsQueryable()
                  .Sum(e => e.Outer.Quantity), 
              g
                  .AsQueryable()
                  .Sum(e => e.Outer.LineTotal)
          ))
          .OrderByDescending(e0 => e0.Revenue)' could not be translated. Either rewrite the query in a form that can be translated, or switch to client evaluation explicitly by inserting a call to 'AsEnumerable', 'AsAsyncEnumerable', 'ToList', or 'ToListAsync'. See https://go.microsoft.com/fwlink/?linkid=2101038 for more information.
         at Microsoft.EntityFrameworkCore.Query.QueryableMethodTranslatingExpressionVisitor.Translate(Expression expression)
         at Microsoft.EntityFrameworkCore.Query.RelationalQueryableMethodTranslatingExpressionVisitor.Translate(Expression expression)
         at Microsoft.EntityFrameworkCore.Query.QueryCompilationContext.CreateQueryExecutor[TResult](Expression query)
         at Microsoft.EntityFrameworkCore.Storage.Database.CompileQuery[TResult](Expression query, Boolean async)
         at Microsoft.EntityFrameworkCore.Query.Internal.QueryCompiler.CompileQueryCore[TResult](IDatabase database, Expression query, IModel model, Boolean async)
         at Microsoft.EntityFrameworkCore.Query.Internal.QueryCompiler.<>c__DisplayClass12_0`1.<ExecuteAsync>b__0()
         at Microsoft.EntityFrameworkCore.Query.Internal.CompiledQueryCache.GetOrAddQuery[TResult](Object cacheKey, Func`1 compiler)
         at Microsoft.EntityFrameworkCore.Query.Internal.QueryCompiler.ExecuteAsync[TResult](Expression query, CancellationToken cancellationToken)
         at Microsoft.EntityFrameworkCore.Query.Internal.EntityQueryProvider.ExecuteAsync[TResult](Expression expression, CancellationToken cancellationToken)
         at Microsoft.EntityFrameworkCore.Query.Internal.EntityQueryable`1.GetAsyncEnumerator(CancellationToken cancellationToken)
         at System.Runtime.CompilerServices.ConfiguredCancelableAsyncEnumerable`1.GetAsyncEnumerator()
         at Microsoft.EntityFrameworkCore.EntityFrameworkQueryableExtensions.ToListAsync[TSource](IQueryable`1 source, CancellationToken cancellationToken)
         at NurturedChoice.Infrastructure.Services.DashboardService.GetProductPerformanceAsync(CancellationToken ct) in C:\Users\user\Documents\THE BEST SALES SYSTEMM\backend\src\NurturedChoice.Infrastructure\Services\DashboardService.cs:line 39
         at lambda_method443(Closure, Object)
         at Microsoft.AspNetCore.Mvc.Infrastructure.ActionMethodExecutor.AwaitableObjectResultExecutor.Execute(ActionContext actionContext, IActionResultTypeMapper mapper, ObjectMethodExecutor executor, Object controller, Object[] arguments)
         at Microsoft.AspNetCore.Mvc.Infrastructure.ControllerActionInvoker.<InvokeActionMethodAsync>g__Awaited|12_0(ControllerActionInvoker invoker, ValueTask`1 actionResultValueTask)
         at Microsoft.AspNetCore.Mvc.Infrastructure.ControllerActionInvoker.<InvokeNextActionFilterAsync>g__Awaited|10_0(ControllerActionInvoker invoker, Task lastTask, State next, Scope scope, Object state, Boolean isCompleted)
         at Microsoft.AspNetCore.Mvc.Infrastructure.ControllerActionInvoker.Rethrow(ActionExecutedContextSealed context)
         at Microsoft.AspNetCore.Mvc.Infrastructure.ControllerActionInvoker.Next(State& next, Scope& scope, Object& state, Boolean& isCompleted)
         at Microsoft.AspNetCore.Mvc.Infrastructure.ControllerActionInvoker.<InvokeInnerFilterAsync>g__Awaited|13_0(ControllerActionInvoker invoker, Task lastTask, State next, Scope scope, Object state, Boolean isCompleted)
         at Microsoft.AspNetCore.Mvc.Infrastructure.ResourceInvoker.<InvokeFilterPipelineAsync>g__Awaited|20_0(ResourceInvoker invoker, Task lastTask, State next, Scope scope, Object state, Boolean isCompleted)
         at Microsoft.AspNetCore.Mvc.Infrastructure.ResourceInvoker.<InvokeAsync>g__Awaited|17_0(ResourceInvoker invoker, Task task, IDisposable scope)
         at Microsoft.AspNetCore.Mvc.Infrastructure.ResourceInvoker.<InvokeAsync>g__Awaited|17_0(ResourceInvoker invoker, Task task, IDisposable scope)
         at Microsoft.AspNetCore.Authorization.AuthorizationMiddleware.Invoke(HttpContext context)
         at Microsoft.AspNetCore.Authentication.AuthenticationMiddleware.Invoke(HttpContext context)
         at Microsoft.AspNetCore.Diagnostics.ExceptionHandlerMiddlewareImpl.<Invoke>g__Awaited|10_0(ExceptionHandlerMiddlewareImpl middleware, HttpContext context, Task task)
fail: GlobalExceptionHandler[0]
      Unhandled request failure for GET /api/v1/dashboard/product-performance
      System.InvalidOperationException: The LINQ expression 'DbSet<InvoiceItem>()
          .Where(i => !(i.IsDeleted))
          .Join(
              inner: DbSet<Invoice>()
                  .Where(i0 => !(i0.IsDeleted))
                  .Where(i0 => (int)i0.Status != 4 && (int)i0.Status != 0), 
              outerKeySelector: i => (object)i.InvoiceId, 
              innerKeySelector: i0 => (object)i0.Id, 
              resultSelector: (i, i0) => new TransparentIdentifier<InvoiceItem, Invoice>(
                  Outer = i, 
                  Inner = i0
              ))
          .GroupBy(ti => ti.Outer.ItemName)
          .Select(g => new ProductPerformanceDto(
              g.Key, 
              g
                  .AsQueryable()
                  .Sum(e => e.Outer.Quantity), 
              g
                  .AsQueryable()
                  .Sum(e => e.Outer.LineTotal)
          ))
          .OrderByDescending(e0 => e0.Revenue)' could not be translated. Either rewrite the query in a form that can be translated, or switch to client evaluation explicitly by inserting a call to 'AsEnumerable', 'AsAsyncEnumerable', 'ToList', or 'ToListAsync'. See https://go.microsoft.com/fwlink/?linkid=2101038 for more information.
         at Microsoft.EntityFrameworkCore.Query.QueryableMethodTranslatingExpressionVisitor.Translate(Expression expression)
         at Microsoft.EntityFrameworkCore.Query.RelationalQueryableMethodTranslatingExpressionVisitor.Translate(Expression expression)
         at Microsoft.EntityFrameworkCore.Query.QueryCompilationContext.CreateQueryExecutor[TResult](Expression query)
         at Microsoft.EntityFrameworkCore.Storage.Database.CompileQuery[TResult](Expression query, Boolean async)
         at Microsoft.EntityFrameworkCore.Query.Internal.QueryCompiler.CompileQueryCore[TResult](IDatabase database, Expression query, IModel model, Boolean async)
         at Microsoft.EntityFrameworkCore.Query.Internal.QueryCompiler.<>c__DisplayClass12_0`1.<ExecuteAsync>b__0()
         at Microsoft.EntityFrameworkCore.Query.Internal.CompiledQueryCache.GetOrAddQuery[TResult](Object cacheKey, Func`1 compiler)
         at Microsoft.EntityFrameworkCore.Query.Internal.QueryCompiler.ExecuteAsync[TResult](Expression query, CancellationToken cancellationToken)
         at Microsoft.EntityFrameworkCore.Query.Internal.EntityQueryProvider.ExecuteAsync[TResult](Expression expression, CancellationToken cancellationToken)
         at Microsoft.EntityFrameworkCore.Query.Internal.EntityQueryable`1.GetAsyncEnumerator(CancellationToken cancellationToken)
         at System.Runtime.CompilerServices.ConfiguredCancelableAsyncEnumerable`1.GetAsyncEnumerator()
         at Microsoft.EntityFrameworkCore.EntityFrameworkQueryableExtensions.ToListAsync[TSource](IQueryable`1 source, CancellationToken cancellationToken)
         at NurturedChoice.Infrastructure.Services.DashboardService.GetProductPerformanceAsync(CancellationToken ct) in C:\Users\user\Documents\THE BEST SALES SYSTEMM\backend\src\NurturedChoice.Infrastructure\Services\DashboardService.cs:line 39
         at lambda_method443(Closure, Object)
         at Microsoft.AspNetCore.Mvc.Infrastructure.ActionMethodExecutor.AwaitableObjectResultExecutor.Execute(ActionContext actionContext, IActionResultTypeMapper mapper, ObjectMethodExecutor executor, Object controller, Object[] arguments)
         at Microsoft.AspNetCore.Mvc.Infrastructure.ControllerActionInvoker.<InvokeActionMethodAsync>g__Awaited|12_0(ControllerActionInvoker invoker, ValueTask`1 actionResultValueTask)
         at Microsoft.AspNetCore.Mvc.Infrastructure.ControllerActionInvoker.<InvokeNextActionFilterAsync>g__Awaited|10_0(ControllerActionInvoker invoker, Task lastTask, State next, Scope scope, Object state, Boolean isCompleted)
         at Microsoft.AspNetCore.Mvc.Infrastructure.ControllerActionInvoker.Rethrow(ActionExecutedContextSealed context)
         at Microsoft.AspNetCore.Mvc.Infrastructure.ControllerActionInvoker.Next(State& next, Scope& scope, Object& state, Boolean& isCompleted)
         at Microsoft.AspNetCore.Mvc.Infrastructure.ControllerActionInvoker.<InvokeInnerFilterAsync>g__Awaited|13_0(ControllerActionInvoker invoker, Task lastTask, State next, Scope scope, Object state, Boolean isCompleted)
         at Microsoft.AspNetCore.Mvc.Infrastructure.ResourceInvoker.<InvokeFilterPipelineAsync>g__Awaited|20_0(ResourceInvoker invoker, Task lastTask, State next, Scope scope, Object state, Boolean isCompleted)
         at Microsoft.AspNetCore.Mvc.Infrastructure.ResourceInvoker.<InvokeAsync>g__Awaited|17_0(ResourceInvoker invoker, Task task, IDisposable scope)
         at Microsoft.AspNetCore.Mvc.Infrastructure.ResourceInvoker.<InvokeAsync>g__Awaited|17_0(ResourceInvoker invoker, Task task, IDisposable scope)
         at Microsoft.AspNetCore.Authorization.AuthorizationMiddleware.Invoke(HttpContext context)
         at Microsoft.AspNetCore.Authentication.AuthenticationMiddleware.Invoke(HttpContext context)
         at Microsoft.AspNetCore.Diagnostics.ExceptionHandlerMiddlewareImpl.<Invoke>g__Awaited|10_0(ExceptionHandlerMiddlewareImpl middleware, HttpContext context, Task task)
fail: GlobalExceptionHandler[0]
      Unhandled request failure for GET /api/v1/dashboard/customer-revenue
      System.InvalidOperationException: The LINQ expression 'DbSet<Invoice>()
          .Where(i => !(i.IsDeleted))
          .Where(i => (int)i.Status != 4 && (int)i.Status != 0)
          .Join(
              inner: DbSet<ParentGroup>()
                  .Where(p => !(p.IsDeleted)), 
              outerKeySelector: i => EF.Property<Guid?>(i, "ParentGroupId"), 
              innerKeySelector: p => EF.Property<Guid?>(p, "Id"), 
              resultSelector: (o, i) => new TransparentIdentifier<Invoice, ParentGroup>(
                  Outer = o, 
                  Inner = i
              ))
          .GroupBy(i => i.Inner.CompanyName)
          .Select(g => new CustomerRevenueDto(
              g.Key, 
              g
                  .AsQueryable()
                  .Sum(e => e.Outer.GrandTotal)
          ))
          .OrderByDescending(e0 => e0.Revenue)' could not be translated. Either rewrite the query in a form that can be translated, or switch to client evaluation explicitly by inserting a call to 'AsEnumerable', 'AsAsyncEnumerable', 'ToList', or 'ToListAsync'. See https://go.microsoft.com/fwlink/?linkid=2101038 for more information.
         at Microsoft.EntityFrameworkCore.Query.QueryableMethodTranslatingExpressionVisitor.Translate(Expression expression)
         at Microsoft.EntityFrameworkCore.Query.RelationalQueryableMethodTranslatingExpressionVisitor.Translate(Expression expression)
         at Microsoft.EntityFrameworkCore.Query.QueryCompilationContext.CreateQueryExecutor[TResult](Expression query)
         at Microsoft.EntityFrameworkCore.Storage.Database.CompileQuery[TResult](Expression query, Boolean async)
         at Microsoft.EntityFrameworkCore.Query.Internal.QueryCompiler.CompileQueryCore[TResult](IDatabase database, Expression query, IModel model, Boolean async)
         at Microsoft.EntityFrameworkCore.Query.Internal.QueryCompiler.<>c__DisplayClass12_0`1.<ExecuteAsync>b__0()
         at Microsoft.EntityFrameworkCore.Query.Internal.CompiledQueryCache.GetOrAddQuery[TResult](Object cacheKey, Func`1 compiler)
         at Microsoft.EntityFrameworkCore.Query.Internal.QueryCompiler.ExecuteAsync[TResult](Expression query, CancellationToken cancellationToken)
         at Microsoft.EntityFrameworkCore.Query.Internal.EntityQueryProvider.ExecuteAsync[TResult](Expression expression, CancellationToken cancellationToken)
         at Microsoft.EntityFrameworkCore.Query.Internal.EntityQueryable`1.GetAsyncEnumerator(CancellationToken cancellationToken)
         at System.Runtime.CompilerServices.ConfiguredCancelableAsyncEnumerable`1.GetAsyncEnumerator()
         at Microsoft.EntityFrameworkCore.EntityFrameworkQueryableExtensions.ToListAsync[TSource](IQueryable`1 source, CancellationToken cancellationToken)
         at NurturedChoice.Infrastructure.Services.DashboardService.GetCustomerRevenueAsync(CancellationToken ct) in C:\Users\user\Documents\THE BEST SALES SYSTEMM\backend\src\NurturedChoice.Infrastructure\Services\DashboardService.cs:line 40
         at lambda_method445(Closure, Object)
         at Microsoft.AspNetCore.Mvc.Infrastructure.ActionMethodExecutor.AwaitableObjectResultExecutor.Execute(ActionContext actionContext, IActionResultTypeMapper mapper, ObjectMethodExecutor executor, Object controller, Object[] arguments)
         at Microsoft.AspNetCore.Mvc.Infrastructure.ControllerActionInvoker.<InvokeActionMethodAsync>g__Awaited|12_0(ControllerActionInvoker invoker, ValueTask`1 actionResultValueTask)
         at Microsoft.AspNetCore.Mvc.Infrastructure.ControllerActionInvoker.<InvokeNextActionFilterAsync>g__Awaited|10_0(ControllerActionInvoker invoker, Task lastTask, State next, Scope scope, Object state, Boolean isCompleted)
         at Microsoft.AspNetCore.Mvc.Infrastructure.ControllerActionInvoker.Rethrow(ActionExecutedContextSealed context)
         at Microsoft.AspNetCore.Mvc.Infrastructure.ControllerActionInvoker.Next(State& next, Scope& scope, Object& state, Boolean& isCompleted)
         at Microsoft.AspNetCore.Mvc.Infrastructure.ControllerActionInvoker.<InvokeInnerFilterAsync>g__Awaited|13_0(ControllerActionInvoker invoker, Task lastTask, State next, Scope scope, Object state, Boolean isCompleted)
         at Microsoft.AspNetCore.Mvc.Infrastructure.ResourceInvoker.<InvokeFilterPipelineAsync>g__Awaited|20_0(ResourceInvoker invoker, Task lastTask, State next, Scope scope, Object state, Boolean isCompleted)
         at Microsoft.AspNetCore.Mvc.Infrastructure.ResourceInvoker.<InvokeAsync>g__Awaited|17_0(ResourceInvoker invoker, Task task, IDisposable scope)
         at Microsoft.AspNetCore.Mvc.Infrastructure.ResourceInvoker.<InvokeAsync>g__Awaited|17_0(ResourceInvoker invoker, Task task, IDisposable scope)
         at Microsoft.AspNetCore.Authorization.AuthorizationMiddleware.Invoke(HttpContext context)
         at Microsoft.AspNetCore.Authentication.AuthenticationMiddleware.Invoke(HttpContext context)
         at Microsoft.AspNetCore.Diagnostics.ExceptionHandlerMiddlewareImpl.<Invoke>g__Awaited|10_0(ExceptionHandlerMiddlewareImpl middleware, HttpContext context, Task task)
info: Microsoft.EntityFrameworkCore.Database.Command[20101]
      Executed DbCommand (1ms) [Parameters=[@__userId_Value_0='?' (DbType = Guid), @__permissionKey_1='?'], CommandType='Text', CommandTimeout='30']
      SELECT EXISTS (
          SELECT 1
          FROM app_user_roles AS a
          INNER JOIN (
              SELECT a0."Id", a0."CreatedAt", a0."CreatedBy", a0."DeletedAt", a0."DeletedBy", a0."Description", a0."IsDeleted", a0."Name", a0."RowVersion", a0."Status", a0."UpdatedAt", a0."UpdatedBy"
              FROM app_roles AS a0
              WHERE NOT (a0."IsDeleted")
          ) AS t ON a."AppRoleId" = t."Id"
          WHERE NOT (a."IsDeleted") AND a."AppUserId" = @__userId_Value_0 AND (t."Name" = 'Super Administrator' OR EXISTS (
              SELECT 1
              FROM app_role_permissions AS a1
              WHERE NOT (a1."IsDeleted") AND t."Id" = a1."AppRoleId" AND EXISTS (
                  SELECT 1
                  FROM app_permissions AS a2
                  WHERE NOT (a2."IsDeleted") AND a2."Id" = a1."AppPermissionId" AND a2."Key" = @__permissionKey_1))))
info: Microsoft.EntityFrameworkCore.Database.Command[20101]
      Executed DbCommand (0ms) [Parameters=[], CommandType='Text', CommandTimeout='30']
      SELECT count(*)::int
      FROM products AS p
      WHERE NOT (p."IsDeleted")
info: Microsoft.EntityFrameworkCore.Database.Command[20101]
      Executed DbCommand (2ms) [Parameters=[@__p_1='?' (DbType = Int32), @__p_0='?' (DbType = Int32)], CommandType='Text', CommandTimeout='30']
      SELECT p."Id", p."Sku", p."Barcode", p."ProductName", p."Category", p."Description", p."BuyingPrice", p."SellingPrice", p."Unit", p."CurrentStock", p."MinimumStock", p."Status", p."ImageUrl"
      FROM products AS p
      WHERE NOT (p."IsDeleted")
      ORDER BY p."ProductName"
      LIMIT @__p_1 OFFSET @__p_0
info: Microsoft.EntityFrameworkCore.Database.Command[20101]
      Executed DbCommand (1ms) [Parameters=[@__userId_Value_0='?' (DbType = Guid), @__permissionKey_1='?'], CommandType='Text', CommandTimeout='30']
      SELECT EXISTS (
          SELECT 1
          FROM app_user_roles AS a
          INNER JOIN (
              SELECT a0."Id", a0."CreatedAt", a0."CreatedBy", a0."DeletedAt", a0."DeletedBy", a0."Description", a0."IsDeleted", a0."Name", a0."RowVersion", a0."Status", a0."UpdatedAt", a0."UpdatedBy"
              FROM app_roles AS a0
              WHERE NOT (a0."IsDeleted")
          ) AS t ON a."AppRoleId" = t."Id"
          WHERE NOT (a."IsDeleted") AND a."AppUserId" = @__userId_Value_0 AND (t."Name" = 'Super Administrator' OR EXISTS (
              SELECT 1
              FROM app_role_permissions AS a1
              WHERE NOT (a1."IsDeleted") AND t."Id" = a1."AppRoleId" AND EXISTS (
                  SELECT 1
                  FROM app_permissions AS a2
                  WHERE NOT (a2."IsDeleted") AND a2."Id" = a1."AppPermissionId" AND a2."Key" = @__permissionKey_1))))
info: Microsoft.EntityFrameworkCore.Database.Command[20101]
      Executed DbCommand (0ms) [Parameters=[], CommandType='Text', CommandTimeout='30']
      SELECT count(*)::int
      FROM products AS p
      WHERE NOT (p."IsDeleted") AND NOT (p."IsDeleted")
info: Microsoft.EntityFrameworkCore.Database.Command[20101]
      Executed DbCommand (3ms) [Parameters=[], CommandType='Text', CommandTimeout='30']
      SELECT COALESCE(sum(p."CurrentStock"), 0.0)
      FROM products AS p
      WHERE NOT (p."IsDeleted") AND NOT (p."IsDeleted")
info: Microsoft.EntityFrameworkCore.Database.Command[20101]
      Executed DbCommand (1ms) [Parameters=[], CommandType='Text', CommandTimeout='30']
      SELECT COALESCE(sum(p."CurrentStock" * p."BuyingPrice"), 0.0)
      FROM products AS p
      WHERE NOT (p."IsDeleted") AND NOT (p."IsDeleted")
info: Microsoft.EntityFrameworkCore.Database.Command[20101]
      Executed DbCommand (0ms) [Parameters=[], CommandType='Text', CommandTimeout='30']
      SELECT count(*)::int
      FROM products AS p
      WHERE NOT (p."IsDeleted") AND NOT (p."IsDeleted") AND p."CurrentStock" <= p."MinimumStock"
info: Microsoft.EntityFrameworkCore.Database.Command[20101]
      Executed DbCommand (5ms) [Parameters=[@__p_0='?' (DbType = Int32)], CommandType='Text', CommandTimeout='30']
      SELECT t."ProductName", s."MovementType", s."Quantity", s."CreatedAt"
      FROM stock_movements AS s
      INNER JOIN (
          SELECT p."Id", p."IsDeleted", p."ProductName"
          FROM products AS p
          WHERE NOT (p."IsDeleted")
      ) AS t ON s."ProductId" = t."Id"
      WHERE NOT (s."IsDeleted") AND NOT (s."IsDeleted") AND NOT (t."IsDeleted")
      ORDER BY s."CreatedAt" DESC
      LIMIT @__p_0
info: Microsoft.EntityFrameworkCore.Database.Command[20101]
      Executed DbCommand (7ms) [Parameters=[@__userId_Value_0='?' (DbType = Guid), @__permissionKey_1='?'], CommandType='Text', CommandTimeout='30']
      SELECT EXISTS (
          SELECT 1
          FROM app_user_roles AS a
          INNER JOIN (
              SELECT a0."Id", a0."CreatedAt", a0."CreatedBy", a0."DeletedAt", a0."DeletedBy", a0."Description", a0."IsDeleted", a0."Name", a0."RowVersion", a0."Status", a0."UpdatedAt", a0."UpdatedBy"
              FROM app_roles AS a0
              WHERE NOT (a0."IsDeleted")
          ) AS t ON a."AppRoleId" = t."Id"
          WHERE NOT (a."IsDeleted") AND a."AppUserId" = @__userId_Value_0 AND (t."Name" = 'Super Administrator' OR EXISTS (
              SELECT 1
              FROM app_role_permissions AS a1
              WHERE NOT (a1."IsDeleted") AND t."Id" = a1."AppRoleId" AND EXISTS (
                  SELECT 1
                  FROM app_permissions AS a2
                  WHERE NOT (a2."IsDeleted") AND a2."Id" = a1."AppPermissionId" AND a2."Key" = @__permissionKey_1))))
info: Microsoft.EntityFrameworkCore.Database.Command[20101]
      Executed DbCommand (3ms) [Parameters=[], CommandType='Text', CommandTimeout='30']
      SELECT count(*)::int
      FROM products AS p
      WHERE NOT (p."IsDeleted") AND NOT (p."IsDeleted")
info: Microsoft.EntityFrameworkCore.Database.Command[20101]
      Executed DbCommand (1ms) [Parameters=[], CommandType='Text', CommandTimeout='30']
      SELECT COALESCE(sum(p."CurrentStock"), 0.0)
      FROM products AS p
      WHERE NOT (p."IsDeleted") AND NOT (p."IsDeleted")
info: Microsoft.EntityFrameworkCore.Database.Command[20101]
      Executed DbCommand (0ms) [Parameters=[], CommandType='Text', CommandTimeout='30']
      SELECT COALESCE(sum(p."CurrentStock" * p."BuyingPrice"), 0.0)
      FROM products AS p
      WHERE NOT (p."IsDeleted") AND NOT (p."IsDeleted")
info: Microsoft.EntityFrameworkCore.Database.Command[20101]
      Executed DbCommand (0ms) [Parameters=[], CommandType='Text', CommandTimeout='30']
      SELECT count(*)::int
      FROM products AS p
      WHERE NOT (p."IsDeleted") AND NOT (p."IsDeleted") AND p."CurrentStock" <= p."MinimumStock"
info: Microsoft.EntityFrameworkCore.Database.Command[20101]
      Executed DbCommand (2ms) [Parameters=[@__p_0='?' (DbType = Int32)], CommandType='Text', CommandTimeout='30']
      SELECT t."ProductName", s."MovementType", s."Quantity", s."CreatedAt"
      FROM stock_movements AS s
      INNER JOIN (
          SELECT p."Id", p."IsDeleted", p."ProductName"
          FROM products AS p
          WHERE NOT (p."IsDeleted")
      ) AS t ON s."ProductId" = t."Id"
      WHERE NOT (s."IsDeleted") AND NOT (s."IsDeleted") AND NOT (t."IsDeleted")
      ORDER BY s."CreatedAt" DESC
      LIMIT @__p_0
info: Microsoft.EntityFrameworkCore.Database.Command[20101]
      Executed DbCommand (1ms) [Parameters=[@__userId_Value_0='?' (DbType = Guid), @__permissionKey_1='?'], CommandType='Text', CommandTimeout='30']
      SELECT EXISTS (
          SELECT 1
          FROM app_user_roles AS a
          INNER JOIN (
              SELECT a0."Id", a0."CreatedAt", a0."CreatedBy", a0."DeletedAt", a0."DeletedBy", a0."Description", a0."IsDeleted", a0."Name", a0."RowVersion", a0."Status", a0."UpdatedAt", a0."UpdatedBy"
              FROM app_roles AS a0
              WHERE NOT (a0."IsDeleted")
          ) AS t ON a."AppRoleId" = t."Id"
          WHERE NOT (a."IsDeleted") AND a."AppUserId" = @__userId_Value_0 AND (t."Name" = 'Super Administrator' OR EXISTS (
              SELECT 1
              FROM app_role_permissions AS a1
              WHERE NOT (a1."IsDeleted") AND t."Id" = a1."AppRoleId" AND EXISTS (
                  SELECT 1
                  FROM app_permissions AS a2
                  WHERE NOT (a2."IsDeleted") AND a2."Id" = a1."AppPermissionId" AND a2."Key" = @__permissionKey_1))))
info: Microsoft.EntityFrameworkCore.Database.Command[20101]
      Executed DbCommand (1ms) [Parameters=[@__userId_Value_0='?' (DbType = Guid), @__permissionKey_1='?'], CommandType='Text', CommandTimeout='30']
      SELECT EXISTS (
          SELECT 1
          FROM app_user_roles AS a
          INNER JOIN (
              SELECT a0."Id", a0."CreatedAt", a0."CreatedBy", a0."DeletedAt", a0."DeletedBy", a0."Description", a0."IsDeleted", a0."Name", a0."RowVersion", a0."Status", a0."UpdatedAt", a0."UpdatedBy"
              FROM app_roles AS a0
              WHERE NOT (a0."IsDeleted")
          ) AS t ON a."AppRoleId" = t."Id"
          WHERE NOT (a."IsDeleted") AND a."AppUserId" = @__userId_Value_0 AND (t."Name" = 'Super Administrator' OR EXISTS (
              SELECT 1
              FROM app_role_permissions AS a1
              WHERE NOT (a1."IsDeleted") AND t."Id" = a1."AppRoleId" AND EXISTS (
                  SELECT 1
                  FROM app_permissions AS a2
                  WHERE NOT (a2."IsDeleted") AND a2."Id" = a1."AppPermissionId" AND a2."Key" = @__permissionKey_1))))
info: Microsoft.EntityFrameworkCore.Database.Command[20101]
      Executed DbCommand (1ms) [Parameters=[@__userId_Value_0='?' (DbType = Guid), @__permissionKey_1='?'], CommandType='Text', CommandTimeout='30']
      SELECT EXISTS (
          SELECT 1
          FROM app_user_roles AS a
          INNER JOIN (
              SELECT a0."Id", a0."CreatedAt", a0."CreatedBy", a0."DeletedAt", a0."DeletedBy", a0."Description", a0."IsDeleted", a0."Name", a0."RowVersion", a0."Status", a0."UpdatedAt", a0."UpdatedBy"
              FROM app_roles AS a0
              WHERE NOT (a0."IsDeleted")
          ) AS t ON a."AppRoleId" = t."Id"
          WHERE NOT (a."IsDeleted") AND a."AppUserId" = @__userId_Value_0 AND (t."Name" = 'Super Administrator' OR EXISTS (
              SELECT 1
              FROM app_role_permissions AS a1
              WHERE NOT (a1."IsDeleted") AND t."Id" = a1."AppRoleId" AND EXISTS (
                  SELECT 1
                  FROM app_permissions AS a2
                  WHERE NOT (a2."IsDeleted") AND a2."Id" = a1."AppPermissionId" AND a2."Key" = @__permissionKey_1))))
info: Microsoft.EntityFrameworkCore.Database.Command[20101]
      Executed DbCommand (1ms) [Parameters=[@__userId_Value_0='?' (DbType = Guid), @__permissionKey_1='?'], CommandType='Text', CommandTimeout='30']
      SELECT EXISTS (
          SELECT 1
          FROM app_user_roles AS a
          INNER JOIN (
              SELECT a0."Id", a0."CreatedAt", a0."CreatedBy", a0."DeletedAt", a0."DeletedBy", a0."Description", a0."IsDeleted", a0."Name", a0."RowVersion", a0."Status", a0."UpdatedAt", a0."UpdatedBy"
              FROM app_roles AS a0
              WHERE NOT (a0."IsDeleted")
          ) AS t ON a."AppRoleId" = t."Id"
          WHERE NOT (a."IsDeleted") AND a."AppUserId" = @__userId_Value_0 AND (t."Name" = 'Super Administrator' OR EXISTS (
              SELECT 1
              FROM app_role_permissions AS a1
              WHERE NOT (a1."IsDeleted") AND t."Id" = a1."AppRoleId" AND EXISTS (
                  SELECT 1
                  FROM app_permissions AS a2
                  WHERE NOT (a2."IsDeleted") AND a2."Id" = a1."AppPermissionId" AND a2."Key" = @__permissionKey_1))))
info: Microsoft.EntityFrameworkCore.Database.Command[20101]
      Executed DbCommand (1ms) [Parameters=[@__userId_Value_0='?' (DbType = Guid), @__permissionKey_1='?'], CommandType='Text', CommandTimeout='30']
      SELECT EXISTS (
          SELECT 1
          FROM app_user_roles AS a
          INNER JOIN (
              SELECT a0."Id", a0."CreatedAt", a0."CreatedBy", a0."DeletedAt", a0."DeletedBy", a0."Description", a0."IsDeleted", a0."Name", a0."RowVersion", a0."Status", a0."UpdatedAt", a0."UpdatedBy"
              FROM app_roles AS a0
              WHERE NOT (a0."IsDeleted")
          ) AS t ON a."AppRoleId" = t."Id"
          WHERE NOT (a."IsDeleted") AND a."AppUserId" = @__userId_Value_0 AND (t."Name" = 'Super Administrator' OR EXISTS (
              SELECT 1
              FROM app_role_permissions AS a1
              WHERE NOT (a1."IsDeleted") AND t."Id" = a1."AppRoleId" AND EXISTS (
                  SELECT 1
                  FROM app_permissions AS a2
                  WHERE NOT (a2."IsDeleted") AND a2."Id" = a1."AppPermissionId" AND a2."Key" = @__permissionKey_1))))
info: Microsoft.EntityFrameworkCore.Database.Command[20101]
      Executed DbCommand (1ms) [Parameters=[@__userId_Value_0='?' (DbType = Guid), @__permissionKey_1='?'], CommandType='Text', CommandTimeout='30']
      SELECT EXISTS (
          SELECT 1
          FROM app_user_roles AS a
          INNER JOIN (
              SELECT a0."Id", a0."CreatedAt", a0."CreatedBy", a0."DeletedAt", a0."DeletedBy", a0."Description", a0."IsDeleted", a0."Name", a0."RowVersion", a0."Status", a0."UpdatedAt", a0."UpdatedBy"
              FROM app_roles AS a0
              WHERE NOT (a0."IsDeleted")
          ) AS t ON a."AppRoleId" = t."Id"
          WHERE NOT (a."IsDeleted") AND a."AppUserId" = @__userId_Value_0 AND (t."Name" = 'Super Administrator' OR EXISTS (
              SELECT 1
              FROM app_role_permissions AS a1
              WHERE NOT (a1."IsDeleted") AND t."Id" = a1."AppRoleId" AND EXISTS (
                  SELECT 1
                  FROM app_permissions AS a2
                  WHERE NOT (a2."IsDeleted") AND a2."Id" = a1."AppPermissionId" AND a2."Key" = @__permissionKey_1))))
info: Microsoft.EntityFrameworkCore.Database.Command[20101]
      Executed DbCommand (1ms) [Parameters=[@__userId_Value_0='?' (DbType = Guid), @__permissionKey_1='?'], CommandType='Text', CommandTimeout='30']
      SELECT EXISTS (
          SELECT 1
          FROM app_user_roles AS a
          INNER JOIN (
              SELECT a0."Id", a0."CreatedAt", a0."CreatedBy", a0."DeletedAt", a0."DeletedBy", a0."Description", a0."IsDeleted", a0."Name", a0."RowVersion", a0."Status", a0."UpdatedAt", a0."UpdatedBy"
              FROM app_roles AS a0
              WHERE NOT (a0."IsDeleted")
          ) AS t ON a."AppRoleId" = t."Id"
          WHERE NOT (a."IsDeleted") AND a."AppUserId" = @__userId_Value_0 AND (t."Name" = 'Super Administrator' OR EXISTS (
              SELECT 1
              FROM app_role_permissions AS a1
              WHERE NOT (a1."IsDeleted") AND t."Id" = a1."AppRoleId" AND EXISTS (
                  SELECT 1
                  FROM app_permissions AS a2
                  WHERE NOT (a2."IsDeleted") AND a2."Id" = a1."AppPermissionId" AND a2."Key" = @__permissionKey_1))))
info: Microsoft.EntityFrameworkCore.Database.Command[20101]
      Executed DbCommand (1ms) [Parameters=[@__userId_Value_0='?' (DbType = Guid), @__permissionKey_1='?'], CommandType='Text', CommandTimeout='30']
      SELECT EXISTS (
          SELECT 1
          FROM app_user_roles AS a
          INNER JOIN (
              SELECT a0."Id", a0."CreatedAt", a0."CreatedBy", a0."DeletedAt", a0."DeletedBy", a0."Description", a0."IsDeleted", a0."Name", a0."RowVersion", a0."Status", a0."UpdatedAt", a0."UpdatedBy"
              FROM app_roles AS a0
              WHERE NOT (a0."IsDeleted")
          ) AS t ON a."AppRoleId" = t."Id"
          WHERE NOT (a."IsDeleted") AND a."AppUserId" = @__userId_Value_0 AND (t."Name" = 'Super Administrator' OR EXISTS (
              SELECT 1
              FROM app_role_permissions AS a1
              WHERE NOT (a1."IsDeleted") AND t."Id" = a1."AppRoleId" AND EXISTS (
                  SELECT 1
                  FROM app_permissions AS a2
                  WHERE NOT (a2."IsDeleted") AND a2."Id" = a1."AppPermissionId" AND a2."Key" = @__permissionKey_1))))
info: Microsoft.EntityFrameworkCore.Database.Command[20101]
      Executed DbCommand (1ms) [Parameters=[@__userId_Value_0='?' (DbType = Guid), @__permissionKey_1='?'], CommandType='Text', CommandTimeout='30']
      SELECT EXISTS (
          SELECT 1
          FROM app_user_roles AS a
          INNER JOIN (
              SELECT a0."Id", a0."CreatedAt", a0."CreatedBy", a0."DeletedAt", a0."DeletedBy", a0."Description", a0."IsDeleted", a0."Name", a0."RowVersion", a0."Status", a0."UpdatedAt", a0."UpdatedBy"
              FROM app_roles AS a0
              WHERE NOT (a0."IsDeleted")
          ) AS t ON a."AppRoleId" = t."Id"
          WHERE NOT (a."IsDeleted") AND a."AppUserId" = @__userId_Value_0 AND (t."Name" = 'Super Administrator' OR EXISTS (
              SELECT 1
              FROM app_role_permissions AS a1
              WHERE NOT (a1."IsDeleted") AND t."Id" = a1."AppRoleId" AND EXISTS (
                  SELECT 1
                  FROM app_permissions AS a2
                  WHERE NOT (a2."IsDeleted") AND a2."Id" = a1."AppPermissionId" AND a2."Key" = @__permissionKey_1))))
info: Microsoft.EntityFrameworkCore.Database.Command[20101]
      Executed DbCommand (2ms) [Parameters=[@__userId_Value_0='?' (DbType = Guid), @__permissionKey_1='?'], CommandType='Text', CommandTimeout='30']
      SELECT EXISTS (
          SELECT 1
          FROM app_user_roles AS a
          INNER JOIN (
              SELECT a0."Id", a0."CreatedAt", a0."CreatedBy", a0."DeletedAt", a0."DeletedBy", a0."Description", a0."IsDeleted", a0."Name", a0."RowVersion", a0."Status", a0."UpdatedAt", a0."UpdatedBy"
              FROM app_roles AS a0
              WHERE NOT (a0."IsDeleted")
          ) AS t ON a."AppRoleId" = t."Id"
          WHERE NOT (a."IsDeleted") AND a."AppUserId" = @__userId_Value_0 AND (t."Name" = 'Super Administrator' OR EXISTS (
              SELECT 1
              FROM app_role_permissions AS a1
              WHERE NOT (a1."IsDeleted") AND t."Id" = a1."AppRoleId" AND EXISTS (
                  SELECT 1
                  FROM app_permissions AS a2
                  WHERE NOT (a2."IsDeleted") AND a2."Id" = a1."AppPermissionId" AND a2."Key" = @__permissionKey_1))))
info: Microsoft.EntityFrameworkCore.Database.Command[20101]
      Executed DbCommand (2ms) [Parameters=[@__userId_Value_0='?' (DbType = Guid), @__permissionKey_1='?'], CommandType='Text', CommandTimeout='30']
      SELECT EXISTS (
          SELECT 1
          FROM app_user_roles AS a
          INNER JOIN (
              SELECT a0."Id", a0."CreatedAt", a0."CreatedBy", a0."DeletedAt", a0."DeletedBy", a0."Description", a0."IsDeleted", a0."Name", a0."RowVersion", a0."Status", a0."UpdatedAt", a0."UpdatedBy"
              FROM app_roles AS a0
              WHERE NOT (a0."IsDeleted")
          ) AS t ON a."AppRoleId" = t."Id"
          WHERE NOT (a."IsDeleted") AND a."AppUserId" = @__userId_Value_0 AND (t."Name" = 'Super Administrator' OR EXISTS (
              SELECT 1
              FROM app_role_permissions AS a1
              WHERE NOT (a1."IsDeleted") AND t."Id" = a1."AppRoleId" AND EXISTS (
                  SELECT 1
                  FROM app_permissions AS a2
                  WHERE NOT (a2."IsDeleted") AND a2."Id" = a1."AppPermissionId" AND a2."Key" = @__permissionKey_1))))
info: Microsoft.EntityFrameworkCore.Database.Command[20101]
      Executed DbCommand (2ms) [Parameters=[@__userId_Value_0='?' (DbType = Guid), @__permissionKey_1='?'], CommandType='Text', CommandTimeout='30']
      SELECT EXISTS (
          SELECT 1
          FROM app_user_roles AS a
          INNER JOIN (
              SELECT a0."Id", a0."CreatedAt", a0."CreatedBy", a0."DeletedAt", a0."DeletedBy", a0."Description", a0."IsDeleted", a0."Name", a0."RowVersion", a0."Status", a0."UpdatedAt", a0."UpdatedBy"
              FROM app_roles AS a0
              WHERE NOT (a0."IsDeleted")
          ) AS t ON a."AppRoleId" = t."Id"
          WHERE NOT (a."IsDeleted") AND a."AppUserId" = @__userId_Value_0 AND (t."Name" = 'Super Administrator' OR EXISTS (
              SELECT 1
              FROM app_role_permissions AS a1
              WHERE NOT (a1."IsDeleted") AND t."Id" = a1."AppRoleId" AND EXISTS (
                  SELECT 1
                  FROM app_permissions AS a2
                  WHERE NOT (a2."IsDeleted") AND a2."Id" = a1."AppPermissionId" AND a2."Key" = @__permissionKey_1))))
info: Microsoft.EntityFrameworkCore.Database.Command[20101]
      Executed DbCommand (0ms) [Parameters=[], CommandType='Text', CommandTimeout='30']
      SELECT count(*)::int
      FROM products AS p
      WHERE NOT (p."IsDeleted") AND NOT (p."IsDeleted")
info: Microsoft.EntityFrameworkCore.Database.Command[20101]
      Executed DbCommand (0ms) [Parameters=[], CommandType='Text', CommandTimeout='30']
      SELECT COALESCE(sum(p."CurrentStock"), 0.0)
      FROM products AS p
      WHERE NOT (p."IsDeleted") AND NOT (p."IsDeleted")
info: Microsoft.EntityFrameworkCore.Database.Command[20101]
      Executed DbCommand (0ms) [Parameters=[], CommandType='Text', CommandTimeout='30']
      SELECT COALESCE(sum(p."CurrentStock" * p."BuyingPrice"), 0.0)
      FROM products AS p
      WHERE NOT (p."IsDeleted") AND NOT (p."IsDeleted")
info: Microsoft.EntityFrameworkCore.Database.Command[20101]
      Executed DbCommand (0ms) [Parameters=[], CommandType='Text', CommandTimeout='30']
      SELECT count(*)::int
      FROM products AS p
      WHERE NOT (p."IsDeleted") AND NOT (p."IsDeleted") AND p."CurrentStock" <= p."MinimumStock"
info: Microsoft.EntityFrameworkCore.Database.Command[20101]
      Executed DbCommand (0ms) [Parameters=[@__p_0='?' (DbType = Int32)], CommandType='Text', CommandTimeout='30']
      SELECT t."ProductName", s."MovementType", s."Quantity", s."CreatedAt"
      FROM stock_movements AS s
      INNER JOIN (
          SELECT p."Id", p."IsDeleted", p."ProductName"
          FROM products AS p
          WHERE NOT (p."IsDeleted")
      ) AS t ON s."ProductId" = t."Id"
      WHERE NOT (s."IsDeleted") AND NOT (s."IsDeleted") AND NOT (t."IsDeleted")
      ORDER BY s."CreatedAt" DESC
      LIMIT @__p_0
info: Microsoft.EntityFrameworkCore.Database.Command[20101]
      Executed DbCommand (1ms) [Parameters=[@__userId_Value_0='?' (DbType = Guid), @__permissionKey_1='?'], CommandType='Text', CommandTimeout='30']
      SELECT EXISTS (
          SELECT 1
          FROM app_user_roles AS a
          INNER JOIN (
              SELECT a0."Id", a0."CreatedAt", a0."CreatedBy", a0."DeletedAt", a0."DeletedBy", a0."Description", a0."IsDeleted", a0."Name", a0."RowVersion", a0."Status", a0."UpdatedAt", a0."UpdatedBy"
              FROM app_roles AS a0
              WHERE NOT (a0."IsDeleted")
          ) AS t ON a."AppRoleId" = t."Id"
          WHERE NOT (a."IsDeleted") AND a."AppUserId" = @__userId_Value_0 AND (t."Name" = 'Super Administrator' OR EXISTS (
              SELECT 1
              FROM app_role_permissions AS a1
              WHERE NOT (a1."IsDeleted") AND t."Id" = a1."AppRoleId" AND EXISTS (
                  SELECT 1
                  FROM app_permissions AS a2
                  WHERE NOT (a2."IsDeleted") AND a2."Id" = a1."AppPermissionId" AND a2."Key" = @__permissionKey_1))))
info: Microsoft.EntityFrameworkCore.Database.Command[20101]
      Executed DbCommand (2ms) [Parameters=[@__userId_Value_0='?' (DbType = Guid), @__permissionKey_1='?'], CommandType='Text', CommandTimeout='30']
      SELECT EXISTS (
          SELECT 1
          FROM app_user_roles AS a
          INNER JOIN (
              SELECT a0."Id", a0."CreatedAt", a0."CreatedBy", a0."DeletedAt", a0."DeletedBy", a0."Description", a0."IsDeleted", a0."Name", a0."RowVersion", a0."Status", a0."UpdatedAt", a0."UpdatedBy"
              FROM app_roles AS a0
              WHERE NOT (a0."IsDeleted")
          ) AS t ON a."AppRoleId" = t."Id"
          WHERE NOT (a."IsDeleted") AND a."AppUserId" = @__userId_Value_0 AND (t."Name" = 'Super Administrator' OR EXISTS (
              SELECT 1
              FROM app_role_permissions AS a1
              WHERE NOT (a1."IsDeleted") AND t."Id" = a1."AppRoleId" AND EXISTS (
                  SELECT 1
                  FROM app_permissions AS a2
                  WHERE NOT (a2."IsDeleted") AND a2."Id" = a1."AppPermissionId" AND a2."Key" = @__permissionKey_1))))
info: Microsoft.EntityFrameworkCore.Database.Command[20101]
      Executed DbCommand (1ms) [Parameters=[@__userId_Value_0='?' (DbType = Guid), @__permissionKey_1='?'], CommandType='Text', CommandTimeout='30']
      SELECT EXISTS (
          SELECT 1
          FROM app_user_roles AS a
          INNER JOIN (
              SELECT a0."Id", a0."CreatedAt", a0."CreatedBy", a0."DeletedAt", a0."DeletedBy", a0."Description", a0."IsDeleted", a0."Name", a0."RowVersion", a0."Status", a0."UpdatedAt", a0."UpdatedBy"
              FROM app_roles AS a0
              WHERE NOT (a0."IsDeleted")
          ) AS t ON a."AppRoleId" = t."Id"
          WHERE NOT (a."IsDeleted") AND a."AppUserId" = @__userId_Value_0 AND (t."Name" = 'Super Administrator' OR EXISTS (
              SELECT 1
              FROM app_role_permissions AS a1
              WHERE NOT (a1."IsDeleted") AND t."Id" = a1."AppRoleId" AND EXISTS (
                  SELECT 1
                  FROM app_permissions AS a2
                  WHERE NOT (a2."IsDeleted") AND a2."Id" = a1."AppPermissionId" AND a2."Key" = @__permissionKey_1))))
info: Microsoft.EntityFrameworkCore.Database.Command[20101]
      Executed DbCommand (2ms) [Parameters=[], CommandType='Text', CommandTimeout='30']
      SELECT count(*)::int
      FROM parent_groups AS p
      WHERE NOT (p."IsDeleted")
info: Microsoft.EntityFrameworkCore.Database.Command[20101]
      Executed DbCommand (2ms) [Parameters=[@__p_1='?' (DbType = Int32), @__p_0='?' (DbType = Int32)], CommandType='Text', CommandTimeout='30']
      SELECT t."Id", t."CompanyName", t."ContactPerson", t."Email", t."Phone", t."CreditLimit", t."Status", t.c, t."Address", t0."Id", t0."ParentGroupId", t0."BranchName", t0."Address", t0."ContactPerson", t0."Email", t0."Phone"
      FROM (
          SELECT p."Id", p."CompanyName", p."ContactPerson", p."Email", p."Phone", p."CreditLimit", p."Status", (
              SELECT count(*)::int
              FROM branches AS b
              WHERE NOT (b."IsDeleted") AND p."Id" = b."ParentGroupId") AS c, p."Address"
          FROM parent_groups AS p
          WHERE NOT (p."IsDeleted")
          ORDER BY p."CompanyName"
          LIMIT @__p_1 OFFSET @__p_0
      ) AS t
      LEFT JOIN (
          SELECT b0."Id", b0."ParentGroupId", b0."BranchName", b0."Address", b0."ContactPerson", b0."Email", b0."Phone"
          FROM branches AS b0
          WHERE NOT (b0."IsDeleted")
      ) AS t0 ON t."Id" = t0."ParentGroupId"
      ORDER BY t."CompanyName", t."Id", t0."BranchName"
info: Microsoft.EntityFrameworkCore.Database.Command[20101]
      Executed DbCommand (7ms) [Parameters=[@__userId_Value_0='?' (DbType = Guid), @__permissionKey_1='?'], CommandType='Text', CommandTimeout='30']
      SELECT EXISTS (
          SELECT 1
          FROM app_user_roles AS a
          INNER JOIN (
              SELECT a0."Id", a0."CreatedAt", a0."CreatedBy", a0."DeletedAt", a0."DeletedBy", a0."Description", a0."IsDeleted", a0."Name", a0."RowVersion", a0."Status", a0."UpdatedAt", a0."UpdatedBy"
              FROM app_roles AS a0
              WHERE NOT (a0."IsDeleted")
          ) AS t ON a."AppRoleId" = t."Id"
          WHERE NOT (a."IsDeleted") AND a."AppUserId" = @__userId_Value_0 AND (t."Name" = 'Super Administrator' OR EXISTS (
              SELECT 1
              FROM app_role_permissions AS a1
              WHERE NOT (a1."IsDeleted") AND t."Id" = a1."AppRoleId" AND EXISTS (
                  SELECT 1
                  FROM app_permissions AS a2
                  WHERE NOT (a2."IsDeleted") AND a2."Id" = a1."AppPermissionId" AND a2."Key" = @__permissionKey_1))))
info: Microsoft.EntityFrameworkCore.Database.Command[20101]
      Executed DbCommand (6ms) [Parameters=[@__userId_Value_0='?' (DbType = Guid), @__permissionKey_1='?'], CommandType='Text', CommandTimeout='30']
      SELECT EXISTS (
          SELECT 1
          FROM app_user_roles AS a
          INNER JOIN (
              SELECT a0."Id", a0."CreatedAt", a0."CreatedBy", a0."DeletedAt", a0."DeletedBy", a0."Description", a0."IsDeleted", a0."Name", a0."RowVersion", a0."Status", a0."UpdatedAt", a0."UpdatedBy"
              FROM app_roles AS a0
              WHERE NOT (a0."IsDeleted")
          ) AS t ON a."AppRoleId" = t."Id"
          WHERE NOT (a."IsDeleted") AND a."AppUserId" = @__userId_Value_0 AND (t."Name" = 'Super Administrator' OR EXISTS (
              SELECT 1
              FROM app_role_permissions AS a1
              WHERE NOT (a1."IsDeleted") AND t."Id" = a1."AppRoleId" AND EXISTS (
                  SELECT 1
                  FROM app_permissions AS a2
                  WHERE NOT (a2."IsDeleted") AND a2."Id" = a1."AppPermissionId" AND a2."Key" = @__permissionKey_1))))
info: Microsoft.EntityFrameworkCore.Database.Command[20101]
      Executed DbCommand (3ms) [Parameters=[], CommandType='Text', CommandTimeout='30']
      SELECT count(*)::int
      FROM invoices AS i
      WHERE NOT (i."IsDeleted")
info: Microsoft.EntityFrameworkCore.Database.Command[20101]
      Executed DbCommand (4ms) [Parameters=[], CommandType='Text', CommandTimeout='30']
      SELECT count(*)::int
      FROM payments AS p
      INNER JOIN (
          SELECT p0."Id", p0."Address", p0."CompanyName", p0."ContactPerson", p0."CreatedAt", p0."CreatedBy", p0."CreditLimit", p0."DeletedAt", p0."DeletedBy", p0."Email", p0."IsDeleted", p0."KraPin", p0."Phone", p0."RowVersion", p0."Status", p0."UpdatedAt", p0."UpdatedBy"
          FROM parent_groups AS p0
          WHERE NOT (p0."IsDeleted")
      ) AS t ON p."ParentGroupId" = t."Id"
      WHERE NOT (p."IsDeleted")
fail: Microsoft.AspNetCore.Diagnostics.ExceptionHandlerMiddleware[1]
      An unhandled exception has occurred while executing the request.
      System.InvalidOperationException: The LINQ expression 'DbSet<Payment>()
          .Where(p => !(p.IsDeleted))
          .Join(
              inner: DbSet<ParentGroup>()
                  .Where(p0 => !(p0.IsDeleted)), 
              outerKeySelector: p => (object)p.ParentGroupId, 
              innerKeySelector: p0 => (object)p0.Id, 
              resultSelector: (p, p0) => new TransparentIdentifier<Payment, ParentGroup>(
                  Outer = p, 
                  Inner = p0
              ))
          .OrderByDescending(ti => new PaymentListItemDto(
              ti.Outer.Id, 
              ti.Inner.CompanyName, 
              ti.Outer.PaymentDate, 
              ti.Outer.Amount, 
              ti.Outer.Method, 
              ti.Outer.Reference, 
              DbSet<PaymentAllocation>()
                  .Where(p1 => !(p1.IsDeleted))
                  .Where(p1 => EF.Property<Guid?>(ti.Outer, "Id") != null && object.Equals(
                      objA: (object)EF.Property<Guid?>(ti.Outer, "Id"), 
                      objB: (object)EF.Property<Guid?>(p1, "PaymentId")))
                  .Where(p1 => !(p1.IsDeleted))
                  .Sum(p1 => (decimal?)p1.Amount) ?? 0
          ).PaymentDate)' could not be translated. Either rewrite the query in a form that can be translated, or switch to client evaluation explicitly by inserting a call to 'AsEnumerable', 'AsAsyncEnumerable', 'ToList', or 'ToListAsync'. See https://go.microsoft.com/fwlink/?linkid=2101038 for more information.
         at Microsoft.EntityFrameworkCore.Query.QueryableMethodTranslatingExpressionVisitor.Translate(Expression expression)
         at Microsoft.EntityFrameworkCore.Query.RelationalQueryableMethodTranslatingExpressionVisitor.Translate(Expression expression)
         at Microsoft.EntityFrameworkCore.Query.QueryCompilationContext.CreateQueryExecutor[TResult](Expression query)
         at Microsoft.EntityFrameworkCore.Storage.Database.CompileQuery[TResult](Expression query, Boolean async)
         at Microsoft.EntityFrameworkCore.Query.Internal.QueryCompiler.CompileQueryCore[TResult](IDatabase database, Expression query, IModel model, Boolean async)
         at Microsoft.EntityFrameworkCore.Query.Internal.QueryCompiler.<>c__DisplayClass12_0`1.<ExecuteAsync>b__0()
         at Microsoft.EntityFrameworkCore.Query.Internal.CompiledQueryCache.GetOrAddQuery[TResult](Object cacheKey, Func`1 compiler)
         at Microsoft.EntityFrameworkCore.Query.Internal.QueryCompiler.ExecuteAsync[TResult](Expression query, CancellationToken cancellationToken)
         at Microsoft.EntityFrameworkCore.Query.Internal.EntityQueryable`1.GetAsyncEnumerator(CancellationToken cancellationToken)
         at System.Runtime.CompilerServices.ConfiguredCancelableAsyncEnumerable`1.GetAsyncEnumerator()
         at Microsoft.EntityFrameworkCore.EntityFrameworkQueryableExtensions.ToListAsync[TSource](IQueryable`1 source, CancellationToken cancellationToken)
         at NurturedChoice.Infrastructure.Services.PaymentService.GetAsync(PagedRequest request, CancellationToken cancellationToken) in C:\Users\user\Documents\THE BEST SALES SYSTEMM\backend\src\NurturedChoice.Infrastructure\Services\PaymentService.cs:line 22
         at lambda_method619(Closure, Object)
         at Microsoft.AspNetCore.Mvc.Infrastructure.ActionMethodExecutor.AwaitableObjectResultExecutor.Execute(ActionContext actionContext, IActionResultTypeMapper mapper, ObjectMethodExecutor executor, Object controller, Object[] arguments)
         at Microsoft.AspNetCore.Mvc.Infrastructure.ControllerActionInvoker.<InvokeActionMethodAsync>g__Awaited|12_0(ControllerActionInvoker invoker, ValueTask`1 actionResultValueTask)
         at Microsoft.AspNetCore.Mvc.Infrastructure.ControllerActionInvoker.<InvokeNextActionFilterAsync>g__Awaited|10_0(ControllerActionInvoker invoker, Task lastTask, State next, Scope scope, Object state, Boolean isCompleted)
         at Microsoft.AspNetCore.Mvc.Infrastructure.ControllerActionInvoker.Rethrow(ActionExecutedContextSealed context)
         at Microsoft.AspNetCore.Mvc.Infrastructure.ControllerActionInvoker.Next(State& next, Scope& scope, Object& state, Boolean& isCompleted)
         at Microsoft.AspNetCore.Mvc.Infrastructure.ControllerActionInvoker.<InvokeInnerFilterAsync>g__Awaited|13_0(ControllerActionInvoker invoker, Task lastTask, State next, Scope scope, Object state, Boolean isCompleted)
         at Microsoft.AspNetCore.Mvc.Infrastructure.ResourceInvoker.<InvokeFilterPipelineAsync>g__Awaited|20_0(ResourceInvoker invoker, Task lastTask, State next, Scope scope, Object state, Boolean isCompleted)
         at Microsoft.AspNetCore.Mvc.Infrastructure.ResourceInvoker.<InvokeAsync>g__Awaited|17_0(ResourceInvoker invoker, Task task, IDisposable scope)
         at Microsoft.AspNetCore.Mvc.Infrastructure.ResourceInvoker.<InvokeAsync>g__Awaited|17_0(ResourceInvoker invoker, Task task, IDisposable scope)
         at Microsoft.AspNetCore.Authorization.AuthorizationMiddleware.Invoke(HttpContext context)
         at Microsoft.AspNetCore.Authentication.AuthenticationMiddleware.Invoke(HttpContext context)
         at Microsoft.AspNetCore.Diagnostics.ExceptionHandlerMiddlewareImpl.<Invoke>g__Awaited|10_0(ExceptionHandlerMiddlewareImpl middleware, HttpContext context, Task task)
fail: GlobalExceptionHandler[0]
      Unhandled request failure for GET /api/v1/payments
      System.InvalidOperationException: The LINQ expression 'DbSet<Payment>()
          .Where(p => !(p.IsDeleted))
          .Join(
              inner: DbSet<ParentGroup>()
                  .Where(p0 => !(p0.IsDeleted)), 
              outerKeySelector: p => (object)p.ParentGroupId, 
              innerKeySelector: p0 => (object)p0.Id, 
              resultSelector: (p, p0) => new TransparentIdentifier<Payment, ParentGroup>(
                  Outer = p, 
                  Inner = p0
              ))
          .OrderByDescending(ti => new PaymentListItemDto(
              ti.Outer.Id, 
              ti.Inner.CompanyName, 
              ti.Outer.PaymentDate, 
              ti.Outer.Amount, 
              ti.Outer.Method, 
              ti.Outer.Reference, 
              DbSet<PaymentAllocation>()
                  .Where(p1 => !(p1.IsDeleted))
                  .Where(p1 => EF.Property<Guid?>(ti.Outer, "Id") != null && object.Equals(
                      objA: (object)EF.Property<Guid?>(ti.Outer, "Id"), 
                      objB: (object)EF.Property<Guid?>(p1, "PaymentId")))
                  .Where(p1 => !(p1.IsDeleted))
                  .Sum(p1 => (decimal?)p1.Amount) ?? 0
          ).PaymentDate)' could not be translated. Either rewrite the query in a form that can be translated, or switch to client evaluation explicitly by inserting a call to 'AsEnumerable', 'AsAsyncEnumerable', 'ToList', or 'ToListAsync'. See https://go.microsoft.com/fwlink/?linkid=2101038 for more information.
         at Microsoft.EntityFrameworkCore.Query.QueryableMethodTranslatingExpressionVisitor.Translate(Expression expression)
         at Microsoft.EntityFrameworkCore.Query.RelationalQueryableMethodTranslatingExpressionVisitor.Translate(Expression expression)
         at Microsoft.EntityFrameworkCore.Query.QueryCompilationContext.CreateQueryExecutor[TResult](Expression query)
         at Microsoft.EntityFrameworkCore.Storage.Database.CompileQuery[TResult](Expression query, Boolean async)
         at Microsoft.EntityFrameworkCore.Query.Internal.QueryCompiler.CompileQueryCore[TResult](IDatabase database, Expression query, IModel model, Boolean async)
         at Microsoft.EntityFrameworkCore.Query.Internal.QueryCompiler.<>c__DisplayClass12_0`1.<ExecuteAsync>b__0()
         at Microsoft.EntityFrameworkCore.Query.Internal.CompiledQueryCache.GetOrAddQuery[TResult](Object cacheKey, Func`1 compiler)
         at Microsoft.EntityFrameworkCore.Query.Internal.QueryCompiler.ExecuteAsync[TResult](Expression query, CancellationToken cancellationToken)
         at Microsoft.EntityFrameworkCore.Query.Internal.EntityQueryable`1.GetAsyncEnumerator(CancellationToken cancellationToken)
         at System.Runtime.CompilerServices.ConfiguredCancelableAsyncEnumerable`1.GetAsyncEnumerator()
         at Microsoft.EntityFrameworkCore.EntityFrameworkQueryableExtensions.ToListAsync[TSource](IQueryable`1 source, CancellationToken cancellationToken)
         at NurturedChoice.Infrastructure.Services.PaymentService.GetAsync(PagedRequest request, CancellationToken cancellationToken) in C:\Users\user\Documents\THE BEST SALES SYSTEMM\backend\src\NurturedChoice.Infrastructure\Services\PaymentService.cs:line 22
         at lambda_method619(Closure, Object)
         at Microsoft.AspNetCore.Mvc.Infrastructure.ActionMethodExecutor.AwaitableObjectResultExecutor.Execute(ActionContext actionContext, IActionResultTypeMapper mapper, ObjectMethodExecutor executor, Object controller, Object[] arguments)
         at Microsoft.AspNetCore.Mvc.Infrastructure.ControllerActionInvoker.<InvokeActionMethodAsync>g__Awaited|12_0(ControllerActionInvoker invoker, ValueTask`1 actionResultValueTask)
         at Microsoft.AspNetCore.Mvc.Infrastructure.ControllerActionInvoker.<InvokeNextActionFilterAsync>g__Awaited|10_0(ControllerActionInvoker invoker, Task lastTask, State next, Scope scope, Object state, Boolean isCompleted)
         at Microsoft.AspNetCore.Mvc.Infrastructure.ControllerActionInvoker.Rethrow(ActionExecutedContextSealed context)
         at Microsoft.AspNetCore.Mvc.Infrastructure.ControllerActionInvoker.Next(State& next, Scope& scope, Object& state, Boolean& isCompleted)
         at Microsoft.AspNetCore.Mvc.Infrastructure.ControllerActionInvoker.<InvokeInnerFilterAsync>g__Awaited|13_0(ControllerActionInvoker invoker, Task lastTask, State next, Scope scope, Object state, Boolean isCompleted)
         at Microsoft.AspNetCore.Mvc.Infrastructure.ResourceInvoker.<InvokeFilterPipelineAsync>g__Awaited|20_0(ResourceInvoker invoker, Task lastTask, State next, Scope scope, Object state, Boolean isCompleted)
         at Microsoft.AspNetCore.Mvc.Infrastructure.ResourceInvoker.<InvokeAsync>g__Awaited|17_0(ResourceInvoker invoker, Task task, IDisposable scope)
         at Microsoft.AspNetCore.Mvc.Infrastructure.ResourceInvoker.<InvokeAsync>g__Awaited|17_0(ResourceInvoker invoker, Task task, IDisposable scope)
         at Microsoft.AspNetCore.Authorization.AuthorizationMiddleware.Invoke(HttpContext context)
         at Microsoft.AspNetCore.Authentication.AuthenticationMiddleware.Invoke(HttpContext context)
         at Microsoft.AspNetCore.Diagnostics.ExceptionHandlerMiddlewareImpl.<Invoke>g__Awaited|10_0(ExceptionHandlerMiddlewareImpl middleware, HttpContext context, Task task)
info: Microsoft.EntityFrameworkCore.Database.Command[20101]
      Executed DbCommand (8ms) [Parameters=[@__p_1='?' (DbType = Int32), @__p_0='?' (DbType = Int32)], CommandType='Text', CommandTimeout='30']
      SELECT t."Id", t."InvoiceNumber", t."LpoNumber", t."InvoiceDate", t."ParentGroupId", t."BranchId", t."Salesperson", t."PaymentTerms", t."DueDate", t."DiscountTotal", t."TaxTotal", t."Subtotal", t."GrandTotal", t."Notes", t."Status", t0."Id", t1."Id", t2."Id", t2."InvoiceId", t2."ProductId", t2."ItemName", t2."ItemDescription", t2."Quantity", t2."UnitPrice", t2."Discount", t2."Tax", t2."LineTotal", t0."CompanyName", t1."BranchName", t0."Address"
      FROM (
          SELECT i."Id", i."BranchId", i."CreatedAt", i."DiscountTotal", i."DueDate", i."GrandTotal", i."InvoiceDate", i."InvoiceNumber", i."LpoNumber", i."Notes", i."ParentGroupId", i."PaymentTerms", i."Salesperson", i."Status", i."Subtotal", i."TaxTotal"
          FROM invoices AS i
          WHERE NOT (i."IsDeleted")
          ORDER BY i."InvoiceDate" DESC, i."CreatedAt" DESC
          LIMIT @__p_1 OFFSET @__p_0
      ) AS t
      INNER JOIN (
          SELECT p."Id", p."Address", p."CompanyName"
          FROM parent_groups AS p
          WHERE NOT (p."IsDeleted")
      ) AS t0 ON t."ParentGroupId" = t0."Id"
      INNER JOIN (
          SELECT b."Id", b."BranchName"
          FROM branches AS b
          WHERE NOT (b."IsDeleted")
      ) AS t1 ON t."BranchId" = t1."Id"
      LEFT JOIN (
          SELECT i0."Id", i0."InvoiceId", i0."ProductId", i0."ItemName", i0."ItemDescription", i0."Quantity", i0."UnitPrice", i0."Discount", i0."Tax", i0."LineTotal"
          FROM invoice_items AS i0
          WHERE NOT (i0."IsDeleted")
      ) AS t2 ON t."Id" = t2."InvoiceId"
      ORDER BY t."InvoiceDate" DESC, t."CreatedAt" DESC, t."Id", t0."Id", t1."Id"
info: Microsoft.EntityFrameworkCore.Database.Command[20101]
      Executed DbCommand (1ms) [Parameters=[@__userId_Value_0='?' (DbType = Guid), @__permissionKey_1='?'], CommandType='Text', CommandTimeout='30']
      SELECT EXISTS (
          SELECT 1
          FROM app_user_roles AS a
          INNER JOIN (
              SELECT a0."Id", a0."CreatedAt", a0."CreatedBy", a0."DeletedAt", a0."DeletedBy", a0."Description", a0."IsDeleted", a0."Name", a0."RowVersion", a0."Status", a0."UpdatedAt", a0."UpdatedBy"
              FROM app_roles AS a0
              WHERE NOT (a0."IsDeleted")
          ) AS t ON a."AppRoleId" = t."Id"
          WHERE NOT (a."IsDeleted") AND a."AppUserId" = @__userId_Value_0 AND (t."Name" = 'Super Administrator' OR EXISTS (
              SELECT 1
              FROM app_role_permissions AS a1
              WHERE NOT (a1."IsDeleted") AND t."Id" = a1."AppRoleId" AND EXISTS (
                  SELECT 1
                  FROM app_permissions AS a2
                  WHERE NOT (a2."IsDeleted") AND a2."Id" = a1."AppPermissionId" AND a2."Key" = @__permissionKey_1))))
info: Microsoft.EntityFrameworkCore.Database.Command[20101]
      Executed DbCommand (1ms) [Parameters=[], CommandType='Text', CommandTimeout='30']
      SELECT count(*)::int
      FROM payments AS p
      INNER JOIN (
          SELECT p0."Id", p0."Address", p0."CompanyName", p0."ContactPerson", p0."CreatedAt", p0."CreatedBy", p0."CreditLimit", p0."DeletedAt", p0."DeletedBy", p0."Email", p0."IsDeleted", p0."KraPin", p0."Phone", p0."RowVersion", p0."Status", p0."UpdatedAt", p0."UpdatedBy"
          FROM parent_groups AS p0
          WHERE NOT (p0."IsDeleted")
      ) AS t ON p."ParentGroupId" = t."Id"
      WHERE NOT (p."IsDeleted")
fail: Microsoft.AspNetCore.Diagnostics.ExceptionHandlerMiddleware[1]
      An unhandled exception has occurred while executing the request.
      System.InvalidOperationException: The LINQ expression 'DbSet<Payment>()
          .Where(p => !(p.IsDeleted))
          .Join(
              inner: DbSet<ParentGroup>()
                  .Where(p0 => !(p0.IsDeleted)), 
              outerKeySelector: p => (object)p.ParentGroupId, 
              innerKeySelector: p0 => (object)p0.Id, 
              resultSelector: (p, p0) => new TransparentIdentifier<Payment, ParentGroup>(
                  Outer = p, 
                  Inner = p0
              ))
          .OrderByDescending(ti => new PaymentListItemDto(
              ti.Outer.Id, 
              ti.Inner.CompanyName, 
              ti.Outer.PaymentDate, 
              ti.Outer.Amount, 
              ti.Outer.Method, 
              ti.Outer.Reference, 
              DbSet<PaymentAllocation>()
                  .Where(p1 => !(p1.IsDeleted))
                  .Where(p1 => EF.Property<Guid?>(ti.Outer, "Id") != null && object.Equals(
                      objA: (object)EF.Property<Guid?>(ti.Outer, "Id"), 
                      objB: (object)EF.Property<Guid?>(p1, "PaymentId")))
                  .Where(p1 => !(p1.IsDeleted))
                  .Sum(p1 => (decimal?)p1.Amount) ?? 0
          ).PaymentDate)' could not be translated. Either rewrite the query in a form that can be translated, or switch to client evaluation explicitly by inserting a call to 'AsEnumerable', 'AsAsyncEnumerable', 'ToList', or 'ToListAsync'. See https://go.microsoft.com/fwlink/?linkid=2101038 for more information.
         at Microsoft.EntityFrameworkCore.Query.QueryableMethodTranslatingExpressionVisitor.Translate(Expression expression)
         at Microsoft.EntityFrameworkCore.Query.RelationalQueryableMethodTranslatingExpressionVisitor.Translate(Expression expression)
         at Microsoft.EntityFrameworkCore.Query.QueryCompilationContext.CreateQueryExecutor[TResult](Expression query)
         at Microsoft.EntityFrameworkCore.Storage.Database.CompileQuery[TResult](Expression query, Boolean async)
         at Microsoft.EntityFrameworkCore.Query.Internal.QueryCompiler.CompileQueryCore[TResult](IDatabase database, Expression query, IModel model, Boolean async)
         at Microsoft.EntityFrameworkCore.Query.Internal.QueryCompiler.<>c__DisplayClass12_0`1.<ExecuteAsync>b__0()
         at Microsoft.EntityFrameworkCore.Query.Internal.CompiledQueryCache.GetOrAddQuery[TResult](Object cacheKey, Func`1 compiler)
         at Microsoft.EntityFrameworkCore.Query.Internal.QueryCompiler.ExecuteAsync[TResult](Expression query, CancellationToken cancellationToken)
         at Microsoft.EntityFrameworkCore.Query.Internal.EntityQueryable`1.GetAsyncEnumerator(CancellationToken cancellationToken)
         at System.Runtime.CompilerServices.ConfiguredCancelableAsyncEnumerable`1.GetAsyncEnumerator()
         at Microsoft.EntityFrameworkCore.EntityFrameworkQueryableExtensions.ToListAsync[TSource](IQueryable`1 source, CancellationToken cancellationToken)
         at NurturedChoice.Infrastructure.Services.PaymentService.GetAsync(PagedRequest request, CancellationToken cancellationToken) in C:\Users\user\Documents\THE BEST SALES SYSTEMM\backend\src\NurturedChoice.Infrastructure\Services\PaymentService.cs:line 22
         at lambda_method619(Closure, Object)
         at Microsoft.AspNetCore.Mvc.Infrastructure.ActionMethodExecutor.AwaitableObjectResultExecutor.Execute(ActionContext actionContext, IActionResultTypeMapper mapper, ObjectMethodExecutor executor, Object controller, Object[] arguments)
         at Microsoft.AspNetCore.Mvc.Infrastructure.ControllerActionInvoker.<InvokeActionMethodAsync>g__Awaited|12_0(ControllerActionInvoker invoker, ValueTask`1 actionResultValueTask)
         at Microsoft.AspNetCore.Mvc.Infrastructure.ControllerActionInvoker.<InvokeNextActionFilterAsync>g__Awaited|10_0(ControllerActionInvoker invoker, Task lastTask, State next, Scope scope, Object state, Boolean isCompleted)
         at Microsoft.AspNetCore.Mvc.Infrastructure.ControllerActionInvoker.Rethrow(ActionExecutedContextSealed context)
         at Microsoft.AspNetCore.Mvc.Infrastructure.ControllerActionInvoker.Next(State& next, Scope& scope, Object& state, Boolean& isCompleted)
         at Microsoft.AspNetCore.Mvc.Infrastructure.ControllerActionInvoker.<InvokeInnerFilterAsync>g__Awaited|13_0(ControllerActionInvoker invoker, Task lastTask, State next, Scope scope, Object state, Boolean isCompleted)
         at Microsoft.AspNetCore.Mvc.Infrastructure.ResourceInvoker.<InvokeFilterPipelineAsync>g__Awaited|20_0(ResourceInvoker invoker, Task lastTask, State next, Scope scope, Object state, Boolean isCompleted)
         at Microsoft.AspNetCore.Mvc.Infrastructure.ResourceInvoker.<InvokeAsync>g__Awaited|17_0(ResourceInvoker invoker, Task task, IDisposable scope)
         at Microsoft.AspNetCore.Mvc.Infrastructure.ResourceInvoker.<InvokeAsync>g__Awaited|17_0(ResourceInvoker invoker, Task task, IDisposable scope)
         at Microsoft.AspNetCore.Authorization.AuthorizationMiddleware.Invoke(HttpContext context)
         at Microsoft.AspNetCore.Authentication.AuthenticationMiddleware.Invoke(HttpContext context)
         at Microsoft.AspNetCore.Diagnostics.ExceptionHandlerMiddlewareImpl.<Invoke>g__Awaited|10_0(ExceptionHandlerMiddlewareImpl middleware, HttpContext context, Task task)
fail: GlobalExceptionHandler[0]
      Unhandled request failure for GET /api/v1/payments
      System.InvalidOperationException: The LINQ expression 'DbSet<Payment>()
          .Where(p => !(p.IsDeleted))
          .Join(
              inner: DbSet<ParentGroup>()
                  .Where(p0 => !(p0.IsDeleted)), 
              outerKeySelector: p => (object)p.ParentGroupId, 
              innerKeySelector: p0 => (object)p0.Id, 
              resultSelector: (p, p0) => new TransparentIdentifier<Payment, ParentGroup>(
                  Outer = p, 
                  Inner = p0
              ))
          .OrderByDescending(ti => new PaymentListItemDto(
              ti.Outer.Id, 
              ti.Inner.CompanyName, 
              ti.Outer.PaymentDate, 
              ti.Outer.Amount, 
              ti.Outer.Method, 
              ti.Outer.Reference, 
              DbSet<PaymentAllocation>()
                  .Where(p1 => !(p1.IsDeleted))
                  .Where(p1 => EF.Property<Guid?>(ti.Outer, "Id") != null && object.Equals(
                      objA: (object)EF.Property<Guid?>(ti.Outer, "Id"), 
                      objB: (object)EF.Property<Guid?>(p1, "PaymentId")))
                  .Where(p1 => !(p1.IsDeleted))
                  .Sum(p1 => (decimal?)p1.Amount) ?? 0
          ).PaymentDate)' could not be translated. Either rewrite the query in a form that can be translated, or switch to client evaluation explicitly by inserting a call to 'AsEnumerable', 'AsAsyncEnumerable', 'ToList', or 'ToListAsync'. See https://go.microsoft.com/fwlink/?linkid=2101038 for more information.
         at Microsoft.EntityFrameworkCore.Query.QueryableMethodTranslatingExpressionVisitor.Translate(Expression expression)
         at Microsoft.EntityFrameworkCore.Query.RelationalQueryableMethodTranslatingExpressionVisitor.Translate(Expression expression)
         at Microsoft.EntityFrameworkCore.Query.QueryCompilationContext.CreateQueryExecutor[TResult](Expression query)
         at Microsoft.EntityFrameworkCore.Storage.Database.CompileQuery[TResult](Expression query, Boolean async)
         at Microsoft.EntityFrameworkCore.Query.Internal.QueryCompiler.CompileQueryCore[TResult](IDatabase database, Expression query, IModel model, Boolean async)
         at Microsoft.EntityFrameworkCore.Query.Internal.QueryCompiler.<>c__DisplayClass12_0`1.<ExecuteAsync>b__0()
         at Microsoft.EntityFrameworkCore.Query.Internal.CompiledQueryCache.GetOrAddQuery[TResult](Object cacheKey, Func`1 compiler)
         at Microsoft.EntityFrameworkCore.Query.Internal.QueryCompiler.ExecuteAsync[TResult](Expression query, CancellationToken cancellationToken)
         at Microsoft.EntityFrameworkCore.Query.Internal.EntityQueryable`1.GetAsyncEnumerator(CancellationToken cancellationToken)
         at System.Runtime.CompilerServices.ConfiguredCancelableAsyncEnumerable`1.GetAsyncEnumerator()
         at Microsoft.EntityFrameworkCore.EntityFrameworkQueryableExtensions.ToListAsync[TSource](IQueryable`1 source, CancellationToken cancellationToken)
         at NurturedChoice.Infrastructure.Services.PaymentService.GetAsync(PagedRequest request, CancellationToken cancellationToken) in C:\Users\user\Documents\THE BEST SALES SYSTEMM\backend\src\NurturedChoice.Infrastructure\Services\PaymentService.cs:line 22
         at lambda_method619(Closure, Object)
         at Microsoft.AspNetCore.Mvc.Infrastructure.ActionMethodExecutor.AwaitableObjectResultExecutor.Execute(ActionContext actionContext, IActionResultTypeMapper mapper, ObjectMethodExecutor executor, Object controller, Object[] arguments)
         at Microsoft.AspNetCore.Mvc.Infrastructure.ControllerActionInvoker.<InvokeActionMethodAsync>g__Awaited|12_0(ControllerActionInvoker invoker, ValueTask`1 actionResultValueTask)
         at Microsoft.AspNetCore.Mvc.Infrastructure.ControllerActionInvoker.<InvokeNextActionFilterAsync>g__Awaited|10_0(ControllerActionInvoker invoker, Task lastTask, State next, Scope scope, Object state, Boolean isCompleted)
         at Microsoft.AspNetCore.Mvc.Infrastructure.ControllerActionInvoker.Rethrow(ActionExecutedContextSealed context)
         at Microsoft.AspNetCore.Mvc.Infrastructure.ControllerActionInvoker.Next(State& next, Scope& scope, Object& state, Boolean& isCompleted)
         at Microsoft.AspNetCore.Mvc.Infrastructure.ControllerActionInvoker.<InvokeInnerFilterAsync>g__Awaited|13_0(ControllerActionInvoker invoker, Task lastTask, State next, Scope scope, Object state, Boolean isCompleted)
         at Microsoft.AspNetCore.Mvc.Infrastructure.ResourceInvoker.<InvokeFilterPipelineAsync>g__Awaited|20_0(ResourceInvoker invoker, Task lastTask, State next, Scope scope, Object state, Boolean isCompleted)
         at Microsoft.AspNetCore.Mvc.Infrastructure.ResourceInvoker.<InvokeAsync>g__Awaited|17_0(ResourceInvoker invoker, Task task, IDisposable scope)
         at Microsoft.AspNetCore.Mvc.Infrastructure.ResourceInvoker.<InvokeAsync>g__Awaited|17_0(ResourceInvoker invoker, Task task, IDisposable scope)
         at Microsoft.AspNetCore.Authorization.AuthorizationMiddleware.Invoke(HttpContext context)
         at Microsoft.AspNetCore.Authentication.AuthenticationMiddleware.Invoke(HttpContext context)
         at Microsoft.AspNetCore.Diagnostics.ExceptionHandlerMiddlewareImpl.<Invoke>g__Awaited|10_0(ExceptionHandlerMiddlewareImpl middleware, HttpContext context, Task task)
info: Microsoft.EntityFrameworkCore.Database.Command[20101]
      Executed DbCommand (1ms) [Parameters=[@__userId_Value_0='?' (DbType = Guid), @__permissionKey_1='?'], CommandType='Text', CommandTimeout='30']
      SELECT EXISTS (
          SELECT 1
          FROM app_user_roles AS a
          INNER JOIN (
              SELECT a0."Id", a0."CreatedAt", a0."CreatedBy", a0."DeletedAt", a0."DeletedBy", a0."Description", a0."IsDeleted", a0."Name", a0."RowVersion", a0."Status", a0."UpdatedAt", a0."UpdatedBy"
              FROM app_roles AS a0
              WHERE NOT (a0."IsDeleted")
          ) AS t ON a."AppRoleId" = t."Id"
          WHERE NOT (a."IsDeleted") AND a."AppUserId" = @__userId_Value_0 AND (t."Name" = 'Super Administrator' OR EXISTS (
              SELECT 1
              FROM app_role_permissions AS a1
              WHERE NOT (a1."IsDeleted") AND t."Id" = a1."AppRoleId" AND EXISTS (
                  SELECT 1
                  FROM app_permissions AS a2
                  WHERE NOT (a2."IsDeleted") AND a2."Id" = a1."AppPermissionId" AND a2."Key" = @__permissionKey_1))))
info: Microsoft.EntityFrameworkCore.Database.Command[20101]
      Executed DbCommand (1ms) [Parameters=[], CommandType='Text', CommandTimeout='30']
      SELECT count(*)::int
      FROM payments AS p
      INNER JOIN (
          SELECT p0."Id", p0."Address", p0."CompanyName", p0."ContactPerson", p0."CreatedAt", p0."CreatedBy", p0."CreditLimit", p0."DeletedAt", p0."DeletedBy", p0."Email", p0."IsDeleted", p0."KraPin", p0."Phone", p0."RowVersion", p0."Status", p0."UpdatedAt", p0."UpdatedBy"
          FROM parent_groups AS p0
          WHERE NOT (p0."IsDeleted")
      ) AS t ON p."ParentGroupId" = t."Id"
      WHERE NOT (p."IsDeleted")
fail: Microsoft.AspNetCore.Diagnostics.ExceptionHandlerMiddleware[1]
      An unhandled exception has occurred while executing the request.
      System.InvalidOperationException: The LINQ expression 'DbSet<Payment>()
          .Where(p => !(p.IsDeleted))
          .Join(
              inner: DbSet<ParentGroup>()
                  .Where(p0 => !(p0.IsDeleted)), 
              outerKeySelector: p => (object)p.ParentGroupId, 
              innerKeySelector: p0 => (object)p0.Id, 
              resultSelector: (p, p0) => new TransparentIdentifier<Payment, ParentGroup>(
                  Outer = p, 
                  Inner = p0
              ))
          .OrderByDescending(ti => new PaymentListItemDto(
              ti.Outer.Id, 
              ti.Inner.CompanyName, 
              ti.Outer.PaymentDate, 
              ti.Outer.Amount, 
              ti.Outer.Method, 
              ti.Outer.Reference, 
              DbSet<PaymentAllocation>()
                  .Where(p1 => !(p1.IsDeleted))
                  .Where(p1 => EF.Property<Guid?>(ti.Outer, "Id") != null && object.Equals(
                      objA: (object)EF.Property<Guid?>(ti.Outer, "Id"), 
                      objB: (object)EF.Property<Guid?>(p1, "PaymentId")))
                  .Where(p1 => !(p1.IsDeleted))
                  .Sum(p1 => (decimal?)p1.Amount) ?? 0
          ).PaymentDate)' could not be translated. Either rewrite the query in a form that can be translated, or switch to client evaluation explicitly by inserting a call to 'AsEnumerable', 'AsAsyncEnumerable', 'ToList', or 'ToListAsync'. See https://go.microsoft.com/fwlink/?linkid=2101038 for more information.
         at Microsoft.EntityFrameworkCore.Query.QueryableMethodTranslatingExpressionVisitor.Translate(Expression expression)
         at Microsoft.EntityFrameworkCore.Query.RelationalQueryableMethodTranslatingExpressionVisitor.Translate(Expression expression)
         at Microsoft.EntityFrameworkCore.Query.QueryCompilationContext.CreateQueryExecutor[TResult](Expression query)
         at Microsoft.EntityFrameworkCore.Storage.Database.CompileQuery[TResult](Expression query, Boolean async)
         at Microsoft.EntityFrameworkCore.Query.Internal.QueryCompiler.CompileQueryCore[TResult](IDatabase database, Expression query, IModel model, Boolean async)
         at Microsoft.EntityFrameworkCore.Query.Internal.QueryCompiler.<>c__DisplayClass12_0`1.<ExecuteAsync>b__0()
         at Microsoft.EntityFrameworkCore.Query.Internal.CompiledQueryCache.GetOrAddQuery[TResult](Object cacheKey, Func`1 compiler)
         at Microsoft.EntityFrameworkCore.Query.Internal.QueryCompiler.ExecuteAsync[TResult](Expression query, CancellationToken cancellationToken)
         at Microsoft.EntityFrameworkCore.Query.Internal.EntityQueryable`1.GetAsyncEnumerator(CancellationToken cancellationToken)
         at System.Runtime.CompilerServices.ConfiguredCancelableAsyncEnumerable`1.GetAsyncEnumerator()
         at Microsoft.EntityFrameworkCore.EntityFrameworkQueryableExtensions.ToListAsync[TSource](IQueryable`1 source, CancellationToken cancellationToken)
         at NurturedChoice.Infrastructure.Services.PaymentService.GetAsync(PagedRequest request, CancellationToken cancellationToken) in C:\Users\user\Documents\THE BEST SALES SYSTEMM\backend\src\NurturedChoice.Infrastructure\Services\PaymentService.cs:line 22
         at lambda_method619(Closure, Object)
         at Microsoft.AspNetCore.Mvc.Infrastructure.ActionMethodExecutor.AwaitableObjectResultExecutor.Execute(ActionContext actionContext, IActionResultTypeMapper mapper, ObjectMethodExecutor executor, Object controller, Object[] arguments)
         at Microsoft.AspNetCore.Mvc.Infrastructure.ControllerActionInvoker.<InvokeActionMethodAsync>g__Awaited|12_0(ControllerActionInvoker invoker, ValueTask`1 actionResultValueTask)
         at Microsoft.AspNetCore.Mvc.Infrastructure.ControllerActionInvoker.<InvokeNextActionFilterAsync>g__Awaited|10_0(ControllerActionInvoker invoker, Task lastTask, State next, Scope scope, Object state, Boolean isCompleted)
         at Microsoft.AspNetCore.Mvc.Infrastructure.ControllerActionInvoker.Rethrow(ActionExecutedContextSealed context)
         at Microsoft.AspNetCore.Mvc.Infrastructure.ControllerActionInvoker.Next(State& next, Scope& scope, Object& state, Boolean& isCompleted)
         at Microsoft.AspNetCore.Mvc.Infrastructure.ControllerActionInvoker.<InvokeInnerFilterAsync>g__Awaited|13_0(ControllerActionInvoker invoker, Task lastTask, State next, Scope scope, Object state, Boolean isCompleted)
         at Microsoft.AspNetCore.Mvc.Infrastructure.ResourceInvoker.<InvokeFilterPipelineAsync>g__Awaited|20_0(ResourceInvoker invoker, Task lastTask, State next, Scope scope, Object state, Boolean isCompleted)
         at Microsoft.AspNetCore.Mvc.Infrastructure.ResourceInvoker.<InvokeAsync>g__Awaited|17_0(ResourceInvoker invoker, Task task, IDisposable scope)
         at Microsoft.AspNetCore.Mvc.Infrastructure.ResourceInvoker.<InvokeAsync>g__Awaited|17_0(ResourceInvoker invoker, Task task, IDisposable scope)
         at Microsoft.AspNetCore.Authorization.AuthorizationMiddleware.Invoke(HttpContext context)
         at Microsoft.AspNetCore.Authentication.AuthenticationMiddleware.Invoke(HttpContext context)
         at Microsoft.AspNetCore.Diagnostics.ExceptionHandlerMiddlewareImpl.<Invoke>g__Awaited|10_0(ExceptionHandlerMiddlewareImpl middleware, HttpContext context, Task task)
fail: GlobalExceptionHandler[0]
      Unhandled request failure for GET /api/v1/payments
      System.InvalidOperationException: The LINQ expression 'DbSet<Payment>()
          .Where(p => !(p.IsDeleted))
          .Join(
              inner: DbSet<ParentGroup>()
                  .Where(p0 => !(p0.IsDeleted)), 
              outerKeySelector: p => (object)p.ParentGroupId, 
              innerKeySelector: p0 => (object)p0.Id, 
              resultSelector: (p, p0) => new TransparentIdentifier<Payment, ParentGroup>(
                  Outer = p, 
                  Inner = p0
              ))
          .OrderByDescending(ti => new PaymentListItemDto(
              ti.Outer.Id, 
              ti.Inner.CompanyName, 
              ti.Outer.PaymentDate, 
              ti.Outer.Amount, 
              ti.Outer.Method, 
              ti.Outer.Reference, 
              DbSet<PaymentAllocation>()
                  .Where(p1 => !(p1.IsDeleted))
                  .Where(p1 => EF.Property<Guid?>(ti.Outer, "Id") != null && object.Equals(
                      objA: (object)EF.Property<Guid?>(ti.Outer, "Id"), 
                      objB: (object)EF.Property<Guid?>(p1, "PaymentId")))
                  .Where(p1 => !(p1.IsDeleted))
                  .Sum(p1 => (decimal?)p1.Amount) ?? 0
          ).PaymentDate)' could not be translated. Either rewrite the query in a form that can be translated, or switch to client evaluation explicitly by inserting a call to 'AsEnumerable', 'AsAsyncEnumerable', 'ToList', or 'ToListAsync'. See https://go.microsoft.com/fwlink/?linkid=2101038 for more information.
         at Microsoft.EntityFrameworkCore.Query.QueryableMethodTranslatingExpressionVisitor.Translate(Expression expression)
         at Microsoft.EntityFrameworkCore.Query.RelationalQueryableMethodTranslatingExpressionVisitor.Translate(Expression expression)
         at Microsoft.EntityFrameworkCore.Query.QueryCompilationContext.CreateQueryExecutor[TResult](Expression query)
         at Microsoft.EntityFrameworkCore.Storage.Database.CompileQuery[TResult](Expression query, Boolean async)
         at Microsoft.EntityFrameworkCore.Query.Internal.QueryCompiler.CompileQueryCore[TResult](IDatabase database, Expression query, IModel model, Boolean async)
         at Microsoft.EntityFrameworkCore.Query.Internal.QueryCompiler.<>c__DisplayClass12_0`1.<ExecuteAsync>b__0()
         at Microsoft.EntityFrameworkCore.Query.Internal.CompiledQueryCache.GetOrAddQuery[TResult](Object cacheKey, Func`1 compiler)
         at Microsoft.EntityFrameworkCore.Query.Internal.QueryCompiler.ExecuteAsync[TResult](Expression query, CancellationToken cancellationToken)
         at Microsoft.EntityFrameworkCore.Query.Internal.EntityQueryable`1.GetAsyncEnumerator(CancellationToken cancellationToken)
         at System.Runtime.CompilerServices.ConfiguredCancelableAsyncEnumerable`1.GetAsyncEnumerator()
         at Microsoft.EntityFrameworkCore.EntityFrameworkQueryableExtensions.ToListAsync[TSource](IQueryable`1 source, CancellationToken cancellationToken)
         at NurturedChoice.Infrastructure.Services.PaymentService.GetAsync(PagedRequest request, CancellationToken cancellationToken) in C:\Users\user\Documents\THE BEST SALES SYSTEMM\backend\src\NurturedChoice.Infrastructure\Services\PaymentService.cs:line 22
         at lambda_method619(Closure, Object)
         at Microsoft.AspNetCore.Mvc.Infrastructure.ActionMethodExecutor.AwaitableObjectResultExecutor.Execute(ActionContext actionContext, IActionResultTypeMapper mapper, ObjectMethodExecutor executor, Object controller, Object[] arguments)
         at Microsoft.AspNetCore.Mvc.Infrastructure.ControllerActionInvoker.<InvokeActionMethodAsync>g__Awaited|12_0(ControllerActionInvoker invoker, ValueTask`1 actionResultValueTask)
         at Microsoft.AspNetCore.Mvc.Infrastructure.ControllerActionInvoker.<InvokeNextActionFilterAsync>g__Awaited|10_0(ControllerActionInvoker invoker, Task lastTask, State next, Scope scope, Object state, Boolean isCompleted)
         at Microsoft.AspNetCore.Mvc.Infrastructure.ControllerActionInvoker.Rethrow(ActionExecutedContextSealed context)
         at Microsoft.AspNetCore.Mvc.Infrastructure.ControllerActionInvoker.Next(State& next, Scope& scope, Object& state, Boolean& isCompleted)
         at Microsoft.AspNetCore.Mvc.Infrastructure.ControllerActionInvoker.<InvokeInnerFilterAsync>g__Awaited|13_0(ControllerActionInvoker invoker, Task lastTask, State next, Scope scope, Object state, Boolean isCompleted)
         at Microsoft.AspNetCore.Mvc.Infrastructure.ResourceInvoker.<InvokeFilterPipelineAsync>g__Awaited|20_0(ResourceInvoker invoker, Task lastTask, State next, Scope scope, Object state, Boolean isCompleted)
         at Microsoft.AspNetCore.Mvc.Infrastructure.ResourceInvoker.<InvokeAsync>g__Awaited|17_0(ResourceInvoker invoker, Task task, IDisposable scope)
         at Microsoft.AspNetCore.Mvc.Infrastructure.ResourceInvoker.<InvokeAsync>g__Awaited|17_0(ResourceInvoker invoker, Task task, IDisposable scope)
         at Microsoft.AspNetCore.Authorization.AuthorizationMiddleware.Invoke(HttpContext context)
         at Microsoft.AspNetCore.Authentication.AuthenticationMiddleware.Invoke(HttpContext context)
         at Microsoft.AspNetCore.Diagnostics.ExceptionHandlerMiddlewareImpl.<Invoke>g__Awaited|10_0(ExceptionHandlerMiddlewareImpl middleware, HttpContext context, Task task)
info: Microsoft.EntityFrameworkCore.Database.Command[20101]
      Executed DbCommand (1ms) [Parameters=[@__userId_Value_0='?' (DbType = Guid), @__permissionKey_1='?'], CommandType='Text', CommandTimeout='30']
      SELECT EXISTS (
          SELECT 1
          FROM app_user_roles AS a
          INNER JOIN (
              SELECT a0."Id", a0."CreatedAt", a0."CreatedBy", a0."DeletedAt", a0."DeletedBy", a0."Description", a0."IsDeleted", a0."Name", a0."RowVersion", a0."Status", a0."UpdatedAt", a0."UpdatedBy"
              FROM app_roles AS a0
              WHERE NOT (a0."IsDeleted")
          ) AS t ON a."AppRoleId" = t."Id"
          WHERE NOT (a."IsDeleted") AND a."AppUserId" = @__userId_Value_0 AND (t."Name" = 'Super Administrator' OR EXISTS (
              SELECT 1
              FROM app_role_permissions AS a1
              WHERE NOT (a1."IsDeleted") AND t."Id" = a1."AppRoleId" AND EXISTS (
                  SELECT 1
                  FROM app_permissions AS a2
                  WHERE NOT (a2."IsDeleted") AND a2."Id" = a1."AppPermissionId" AND a2."Key" = @__permissionKey_1))))
info: Microsoft.EntityFrameworkCore.Database.Command[20101]
      Executed DbCommand (2ms) [Parameters=[], CommandType='Text', CommandTimeout='30']
      SELECT count(*)::int
      FROM products AS p
      WHERE NOT (p."IsDeleted")
info: Microsoft.EntityFrameworkCore.Database.Command[20101]
      Executed DbCommand (1ms) [Parameters=[@__userId_Value_0='?' (DbType = Guid), @__permissionKey_1='?'], CommandType='Text', CommandTimeout='30']
      SELECT EXISTS (
          SELECT 1
          FROM app_user_roles AS a
          INNER JOIN (
              SELECT a0."Id", a0."CreatedAt", a0."CreatedBy", a0."DeletedAt", a0."DeletedBy", a0."Description", a0."IsDeleted", a0."Name", a0."RowVersion", a0."Status", a0."UpdatedAt", a0."UpdatedBy"
              FROM app_roles AS a0
              WHERE NOT (a0."IsDeleted")
          ) AS t ON a."AppRoleId" = t."Id"
          WHERE NOT (a."IsDeleted") AND a."AppUserId" = @__userId_Value_0 AND (t."Name" = 'Super Administrator' OR EXISTS (
              SELECT 1
              FROM app_role_permissions AS a1
              WHERE NOT (a1."IsDeleted") AND t."Id" = a1."AppRoleId" AND EXISTS (
                  SELECT 1
                  FROM app_permissions AS a2
                  WHERE NOT (a2."IsDeleted") AND a2."Id" = a1."AppPermissionId" AND a2."Key" = @__permissionKey_1))))
info: Microsoft.EntityFrameworkCore.Database.Command[20101]
      Executed DbCommand (2ms) [Parameters=[@__p_1='?' (DbType = Int32), @__p_0='?' (DbType = Int32)], CommandType='Text', CommandTimeout='30']
      SELECT p."Id", p."Sku", p."Barcode", p."ProductName", p."Category", p."Description", p."BuyingPrice", p."SellingPrice", p."Unit", p."CurrentStock", p."MinimumStock", p."Status", p."ImageUrl"
      FROM products AS p
      WHERE NOT (p."IsDeleted")
      ORDER BY p."ProductName"
      LIMIT @__p_1 OFFSET @__p_0
info: Microsoft.EntityFrameworkCore.Database.Command[20101]
      Executed DbCommand (2ms) [Parameters=[], CommandType='Text', CommandTimeout='30']
      SELECT count(*)::int
      FROM credit_notes AS c
      INNER JOIN (
          SELECT p."Id", p."Address", p."CompanyName", p."ContactPerson", p."CreatedAt", p."CreatedBy", p."CreditLimit", p."DeletedAt", p."DeletedBy", p."Email", p."IsDeleted", p."KraPin", p."Phone", p."RowVersion", p."Status", p."UpdatedAt", p."UpdatedBy"
          FROM parent_groups AS p
          WHERE NOT (p."IsDeleted")
      ) AS t ON c."ParentGroupId" = t."Id"
      LEFT JOIN (
          SELECT i."Id", i."BranchId", i."CreatedAt", i."CreatedBy", i."DeletedAt", i."DeletedBy", i."DiscountTotal", i."DueDate", i."GrandTotal", i."InvoiceDate", i."InvoiceNumber", i."IsDeleted", i."LpoNumber", i."Notes", i."ParentGroupId", i."PaymentTerms", i."RowVersion", i."Salesperson", i."Status", i."Subtotal", i."TaxTotal", i."UpdatedAt", i."UpdatedBy"
          FROM invoices AS i
          WHERE NOT (i."IsDeleted")
      ) AS t0 ON c."InvoiceId" = t0."Id"
      WHERE NOT (c."IsDeleted")
fail: Microsoft.AspNetCore.Diagnostics.ExceptionHandlerMiddleware[1]
      An unhandled exception has occurred while executing the request.
      System.InvalidOperationException: The LINQ expression 'DbSet<CreditNote>()
          .Where(c => !(c.IsDeleted))
          .Join(
              inner: DbSet<ParentGroup>()
                  .Where(p => !(p.IsDeleted)), 
              outerKeySelector: c => (object)c.ParentGroupId, 
              innerKeySelector: p => (object)p.Id, 
              resultSelector: (c, p) => new TransparentIdentifier<CreditNote, ParentGroup>(
                  Outer = c, 
                  Inner = p
              ))
          .LeftJoin(
              inner: DbSet<Invoice>()
                  .Where(i => !(i.IsDeleted)), 
              outerKeySelector: ti => (object)ti.Outer.InvoiceId, 
              innerKeySelector: i => (object)(Guid?)i.Id, 
              resultSelector: (ti, i) => new TransparentIdentifier<TransparentIdentifier<CreditNote, ParentGroup>, Invoice>(
                  Outer = ti, 
                  Inner = i
              ))
          .OrderByDescending(ti0 => new CreditNoteListItemDto(
              ti0.Outer.Outer.Id, 
              ti0.Outer.Outer.CreditNoteNumber, 
              ti0.Outer.Inner.CompanyName, 
              ti0.Inner.InvoiceNumber, 
              ti0.Outer.Outer.CreditDate, 
              ti0.Outer.Outer.TotalAmount, 
              ti0.Outer.Outer.Status.ToString()
          ).CreditNoteDate)' could not be translated. Either rewrite the query in a form that can be translated, or switch to client evaluation explicitly by inserting a call to 'AsEnumerable', 'AsAsyncEnumerable', 'ToList', or 'ToListAsync'. See https://go.microsoft.com/fwlink/?linkid=2101038 for more information.
         at Microsoft.EntityFrameworkCore.Query.QueryableMethodTranslatingExpressionVisitor.Translate(Expression expression)
         at Microsoft.EntityFrameworkCore.Query.RelationalQueryableMethodTranslatingExpressionVisitor.Translate(Expression expression)
         at Microsoft.EntityFrameworkCore.Query.QueryCompilationContext.CreateQueryExecutor[TResult](Expression query)
         at Microsoft.EntityFrameworkCore.Storage.Database.CompileQuery[TResult](Expression query, Boolean async)
         at Microsoft.EntityFrameworkCore.Query.Internal.QueryCompiler.CompileQueryCore[TResult](IDatabase database, Expression query, IModel model, Boolean async)
         at Microsoft.EntityFrameworkCore.Query.Internal.QueryCompiler.<>c__DisplayClass12_0`1.<ExecuteAsync>b__0()
         at Microsoft.EntityFrameworkCore.Query.Internal.CompiledQueryCache.GetOrAddQuery[TResult](Object cacheKey, Func`1 compiler)
         at Microsoft.EntityFrameworkCore.Query.Internal.QueryCompiler.ExecuteAsync[TResult](Expression query, CancellationToken cancellationToken)
         at Microsoft.EntityFrameworkCore.Query.Internal.EntityQueryable`1.GetAsyncEnumerator(CancellationToken cancellationToken)
         at System.Runtime.CompilerServices.ConfiguredCancelableAsyncEnumerable`1.GetAsyncEnumerator()
         at Microsoft.EntityFrameworkCore.EntityFrameworkQueryableExtensions.ToListAsync[TSource](IQueryable`1 source, CancellationToken cancellationToken)
         at NurturedChoice.Infrastructure.Services.CreditNoteService.GetAsync(PagedRequest request, CancellationToken cancellationToken) in C:\Users\user\Documents\THE BEST SALES SYSTEMM\backend\src\NurturedChoice.Infrastructure\Services\CreditNoteService.cs:line 31
         at lambda_method677(Closure, Object)
         at Microsoft.AspNetCore.Mvc.Infrastructure.ActionMethodExecutor.AwaitableObjectResultExecutor.Execute(ActionContext actionContext, IActionResultTypeMapper mapper, ObjectMethodExecutor executor, Object controller, Object[] arguments)
         at Microsoft.AspNetCore.Mvc.Infrastructure.ControllerActionInvoker.<InvokeActionMethodAsync>g__Awaited|12_0(ControllerActionInvoker invoker, ValueTask`1 actionResultValueTask)
         at Microsoft.AspNetCore.Mvc.Infrastructure.ControllerActionInvoker.<InvokeNextActionFilterAsync>g__Awaited|10_0(ControllerActionInvoker invoker, Task lastTask, State next, Scope scope, Object state, Boolean isCompleted)
         at Microsoft.AspNetCore.Mvc.Infrastructure.ControllerActionInvoker.Rethrow(ActionExecutedContextSealed context)
         at Microsoft.AspNetCore.Mvc.Infrastructure.ControllerActionInvoker.Next(State& next, Scope& scope, Object& state, Boolean& isCompleted)
         at Microsoft.AspNetCore.Mvc.Infrastructure.ControllerActionInvoker.<InvokeInnerFilterAsync>g__Awaited|13_0(ControllerActionInvoker invoker, Task lastTask, State next, Scope scope, Object state, Boolean isCompleted)
         at Microsoft.AspNetCore.Mvc.Infrastructure.ResourceInvoker.<InvokeFilterPipelineAsync>g__Awaited|20_0(ResourceInvoker invoker, Task lastTask, State next, Scope scope, Object state, Boolean isCompleted)
         at Microsoft.AspNetCore.Mvc.Infrastructure.ResourceInvoker.<InvokeAsync>g__Awaited|17_0(ResourceInvoker invoker, Task task, IDisposable scope)
         at Microsoft.AspNetCore.Mvc.Infrastructure.ResourceInvoker.<InvokeAsync>g__Awaited|17_0(ResourceInvoker invoker, Task task, IDisposable scope)
         at Microsoft.AspNetCore.Authorization.AuthorizationMiddleware.Invoke(HttpContext context)
         at Microsoft.AspNetCore.Authentication.AuthenticationMiddleware.Invoke(HttpContext context)
         at Microsoft.AspNetCore.Diagnostics.ExceptionHandlerMiddlewareImpl.<Invoke>g__Awaited|10_0(ExceptionHandlerMiddlewareImpl middleware, HttpContext context, Task task)
fail: GlobalExceptionHandler[0]
      Unhandled request failure for GET /api/v1/credit-notes
      System.InvalidOperationException: The LINQ expression 'DbSet<CreditNote>()
          .Where(c => !(c.IsDeleted))
          .Join(
              inner: DbSet<ParentGroup>()
                  .Where(p => !(p.IsDeleted)), 
              outerKeySelector: c => (object)c.ParentGroupId, 
              innerKeySelector: p => (object)p.Id, 
              resultSelector: (c, p) => new TransparentIdentifier<CreditNote, ParentGroup>(
                  Outer = c, 
                  Inner = p
              ))
          .LeftJoin(
              inner: DbSet<Invoice>()
                  .Where(i => !(i.IsDeleted)), 
              outerKeySelector: ti => (object)ti.Outer.InvoiceId, 
              innerKeySelector: i => (object)(Guid?)i.Id, 
              resultSelector: (ti, i) => new TransparentIdentifier<TransparentIdentifier<CreditNote, ParentGroup>, Invoice>(
                  Outer = ti, 
                  Inner = i
              ))
          .OrderByDescending(ti0 => new CreditNoteListItemDto(
              ti0.Outer.Outer.Id, 
              ti0.Outer.Outer.CreditNoteNumber, 
              ti0.Outer.Inner.CompanyName, 
              ti0.Inner.InvoiceNumber, 
              ti0.Outer.Outer.CreditDate, 
              ti0.Outer.Outer.TotalAmount, 
              ti0.Outer.Outer.Status.ToString()
          ).CreditNoteDate)' could not be translated. Either rewrite the query in a form that can be translated, or switch to client evaluation explicitly by inserting a call to 'AsEnumerable', 'AsAsyncEnumerable', 'ToList', or 'ToListAsync'. See https://go.microsoft.com/fwlink/?linkid=2101038 for more information.
         at Microsoft.EntityFrameworkCore.Query.QueryableMethodTranslatingExpressionVisitor.Translate(Expression expression)
         at Microsoft.EntityFrameworkCore.Query.RelationalQueryableMethodTranslatingExpressionVisitor.Translate(Expression expression)
         at Microsoft.EntityFrameworkCore.Query.QueryCompilationContext.CreateQueryExecutor[TResult](Expression query)
         at Microsoft.EntityFrameworkCore.Storage.Database.CompileQuery[TResult](Expression query, Boolean async)
         at Microsoft.EntityFrameworkCore.Query.Internal.QueryCompiler.CompileQueryCore[TResult](IDatabase database, Expression query, IModel model, Boolean async)
         at Microsoft.EntityFrameworkCore.Query.Internal.QueryCompiler.<>c__DisplayClass12_0`1.<ExecuteAsync>b__0()
         at Microsoft.EntityFrameworkCore.Query.Internal.CompiledQueryCache.GetOrAddQuery[TResult](Object cacheKey, Func`1 compiler)
         at Microsoft.EntityFrameworkCore.Query.Internal.QueryCompiler.ExecuteAsync[TResult](Expression query, CancellationToken cancellationToken)
         at Microsoft.EntityFrameworkCore.Query.Internal.EntityQueryable`1.GetAsyncEnumerator(CancellationToken cancellationToken)
         at System.Runtime.CompilerServices.ConfiguredCancelableAsyncEnumerable`1.GetAsyncEnumerator()
         at Microsoft.EntityFrameworkCore.EntityFrameworkQueryableExtensions.ToListAsync[TSource](IQueryable`1 source, CancellationToken cancellationToken)
         at NurturedChoice.Infrastructure.Services.CreditNoteService.GetAsync(PagedRequest request, CancellationToken cancellationToken) in C:\Users\user\Documents\THE BEST SALES SYSTEMM\backend\src\NurturedChoice.Infrastructure\Services\CreditNoteService.cs:line 31
         at lambda_method677(Closure, Object)
         at Microsoft.AspNetCore.Mvc.Infrastructure.ActionMethodExecutor.AwaitableObjectResultExecutor.Execute(ActionContext actionContext, IActionResultTypeMapper mapper, ObjectMethodExecutor executor, Object controller, Object[] arguments)
         at Microsoft.AspNetCore.Mvc.Infrastructure.ControllerActionInvoker.<InvokeActionMethodAsync>g__Awaited|12_0(ControllerActionInvoker invoker, ValueTask`1 actionResultValueTask)
         at Microsoft.AspNetCore.Mvc.Infrastructure.ControllerActionInvoker.<InvokeNextActionFilterAsync>g__Awaited|10_0(ControllerActionInvoker invoker, Task lastTask, State next, Scope scope, Object state, Boolean isCompleted)
         at Microsoft.AspNetCore.Mvc.Infrastructure.ControllerActionInvoker.Rethrow(ActionExecutedContextSealed context)
         at Microsoft.AspNetCore.Mvc.Infrastructure.ControllerActionInvoker.Next(State& next, Scope& scope, Object& state, Boolean& isCompleted)
         at Microsoft.AspNetCore.Mvc.Infrastructure.ControllerActionInvoker.<InvokeInnerFilterAsync>g__Awaited|13_0(ControllerActionInvoker invoker, Task lastTask, State next, Scope scope, Object state, Boolean isCompleted)
         at Microsoft.AspNetCore.Mvc.Infrastructure.ResourceInvoker.<InvokeFilterPipelineAsync>g__Awaited|20_0(ResourceInvoker invoker, Task lastTask, State next, Scope scope, Object state, Boolean isCompleted)
         at Microsoft.AspNetCore.Mvc.Infrastructure.ResourceInvoker.<InvokeAsync>g__Awaited|17_0(ResourceInvoker invoker, Task task, IDisposable scope)
         at Microsoft.AspNetCore.Mvc.Infrastructure.ResourceInvoker.<InvokeAsync>g__Awaited|17_0(ResourceInvoker invoker, Task task, IDisposable scope)
         at Microsoft.AspNetCore.Authorization.AuthorizationMiddleware.Invoke(HttpContext context)
         at Microsoft.AspNetCore.Authentication.AuthenticationMiddleware.Invoke(HttpContext context)
         at Microsoft.AspNetCore.Diagnostics.ExceptionHandlerMiddlewareImpl.<Invoke>g__Awaited|10_0(ExceptionHandlerMiddlewareImpl middleware, HttpContext context, Task task)
info: Microsoft.EntityFrameworkCore.Database.Command[20101]
      Executed DbCommand (4ms) [Parameters=[@__refreshToken_0='?'], CommandType='Text', CommandTimeout='30']
      SELECT r."Id", r."AppUserId", r."CreatedAt", r."CreatedBy", r."CreatedByIp", r."DeletedAt", r."DeletedBy", r."ExpiresAt", r."IsDeleted", r."ReplacedByToken", r."RevokedAt", r."RevokedByIp", r."RowVersion", r."Token", r."UpdatedAt", r."UpdatedBy"
      FROM refresh_tokens AS r
      WHERE NOT (r."IsDeleted") AND r."Token" = @__refreshToken_0
      LIMIT 1
info: Microsoft.EntityFrameworkCore.Database.Command[20101]
      Executed DbCommand (23ms) [Parameters=[@p0='?' (DbType = Guid), @p1='?', @p2='?' (DbType = Object), @p3='?' (DbType = DateTime), @p4='?' (DbType = Guid), @p5='?', @p6='?' (DbType = Guid), @p10='?' (DbType = Guid), @p7='?' (DbType = DateTime), @p11='?' (DbType = Binary), @p8='?' (DbType = DateTime), @p9='?' (DbType = Guid)], CommandType='Text', CommandTimeout='30']
      INSERT INTO audit_logs ("Id", "Action", "Changes", "CreatedAt", "EntityId", "EntityName", "UserId")
      VALUES (@p0, @p1, @p2, @p3, @p4, @p5, @p6);
      UPDATE refresh_tokens SET "RevokedAt" = @p7, "UpdatedAt" = @p8, "UpdatedBy" = @p9
      WHERE "Id" = @p10 AND "RowVersion" IS NULL
      RETURNING "RowVersion";
info: Microsoft.EntityFrameworkCore.Database.Command[20101]
      Executed DbCommand (2ms) [Parameters=[@__email_0='?'], CommandType='Text', CommandTimeout='30']
      SELECT a."Id", a."CreatedAt", a."CreatedBy", a."DeletedAt", a."DeletedBy", a."DisplayName", a."Email", a."GoogleSubject", a."IsDeleted", a."IsEmailVerified", a."PasswordHash", a."PhoneNumber", a."RowVersion", a."Status", a."UpdatedAt", a."UpdatedBy"
      FROM app_users AS a
      WHERE NOT (a."IsDeleted") AND a."Email" = @__email_0
      LIMIT 1
info: Microsoft.EntityFrameworkCore.Database.Command[20101]
      Executed DbCommand (1ms) [Parameters=[@__user_Id_0='?' (DbType = Guid)], CommandType='Text', CommandTimeout='30']
      SELECT t."Name"
      FROM app_user_roles AS a
      INNER JOIN (
          SELECT a0."Id", a0."Name"
          FROM app_roles AS a0
          WHERE NOT (a0."IsDeleted")
      ) AS t ON a."AppRoleId" = t."Id"
      WHERE NOT (a."IsDeleted") AND a."AppUserId" = @__user_Id_0
info: Microsoft.EntityFrameworkCore.Database.Command[20101]
      Executed DbCommand (2ms) [Parameters=[@p0='?' (DbType = Guid), @p1='?', @p2='?' (DbType = Object), @p3='?' (DbType = DateTime), @p4='?' (DbType = Guid), @p5='?', @p6='?' (DbType = Guid), @p7='?' (DbType = Guid), @p8='?' (DbType = Guid), @p9='?' (DbType = DateTime), @p10='?' (DbType = Guid), @p11='?', @p12='?' (DbType = DateTime), @p13='?' (DbType = Guid), @p14='?' (DbType = DateTime), @p15='?' (DbType = Boolean), @p16='?', @p17='?' (DbType = DateTime), @p18='?', @p19='?', @p20='?' (DbType = DateTime), @p21='?' (DbType = Guid)], CommandType='Text', CommandTimeout='30']
      INSERT INTO audit_logs ("Id", "Action", "Changes", "CreatedAt", "EntityId", "EntityName", "UserId")
      VALUES (@p0, @p1, @p2, @p3, @p4, @p5, @p6);
      INSERT INTO refresh_tokens ("Id", "AppUserId", "CreatedAt", "CreatedBy", "CreatedByIp", "DeletedAt", "DeletedBy", "ExpiresAt", "IsDeleted", "ReplacedByToken", "RevokedAt", "RevokedByIp", "Token", "UpdatedAt", "UpdatedBy")
      VALUES (@p7, @p8, @p9, @p10, @p11, @p12, @p13, @p14, @p15, @p16, @p17, @p18, @p19, @p20, @p21)
      RETURNING "RowVersion";
info: Microsoft.EntityFrameworkCore.Database.Command[20101]
      Executed DbCommand (1ms) [Parameters=[@__userId_Value_0='?' (DbType = Guid), @__permissionKey_1='?'], CommandType='Text', CommandTimeout='30']
      SELECT EXISTS (
          SELECT 1
          FROM app_user_roles AS a
          INNER JOIN (
              SELECT a0."Id", a0."CreatedAt", a0."CreatedBy", a0."DeletedAt", a0."DeletedBy", a0."Description", a0."IsDeleted", a0."Name", a0."RowVersion", a0."Status", a0."UpdatedAt", a0."UpdatedBy"
              FROM app_roles AS a0
              WHERE NOT (a0."IsDeleted")
          ) AS t ON a."AppRoleId" = t."Id"
          WHERE NOT (a."IsDeleted") AND a."AppUserId" = @__userId_Value_0 AND (t."Name" = 'Super Administrator' OR EXISTS (
              SELECT 1
              FROM app_role_permissions AS a1
              WHERE NOT (a1."IsDeleted") AND t."Id" = a1."AppRoleId" AND EXISTS (
                  SELECT 1
                  FROM app_permissions AS a2
                  WHERE NOT (a2."IsDeleted") AND a2."Id" = a1."AppPermissionId" AND a2."Key" = @__permissionKey_1))))
info: Microsoft.EntityFrameworkCore.Database.Command[20101]
      Executed DbCommand (2ms) [Parameters=[], CommandType='Text', CommandTimeout='30']
      SELECT c."Id", c."Address", c."CompanyName", c."Country", c."CreatedAt", c."CreatedBy", c."CurrencyCode", c."DeletedAt", c."DeletedBy", c."Email", c."IsActive", c."IsDeleted", c."LogoUrl", c."Phone", c."RowVersion", c."UpdatedAt", c."UpdatedBy"
      FROM company_profiles AS c
      WHERE NOT (c."IsDeleted") AND c."IsActive"
      LIMIT 1
info: Microsoft.EntityFrameworkCore.Database.Command[20101]
      Executed DbCommand (1ms) [Parameters=[@__userId_Value_0='?' (DbType = Guid), @__permissionKey_1='?'], CommandType='Text', CommandTimeout='30']
      SELECT EXISTS (
          SELECT 1
          FROM app_user_roles AS a
          INNER JOIN (
              SELECT a0."Id", a0."CreatedAt", a0."CreatedBy", a0."DeletedAt", a0."DeletedBy", a0."Description", a0."IsDeleted", a0."Name", a0."RowVersion", a0."Status", a0."UpdatedAt", a0."UpdatedBy"
              FROM app_roles AS a0
              WHERE NOT (a0."IsDeleted")
          ) AS t ON a."AppRoleId" = t."Id"
          WHERE NOT (a."IsDeleted") AND a."AppUserId" = @__userId_Value_0 AND (t."Name" = 'Super Administrator' OR EXISTS (
              SELECT 1
              FROM app_role_permissions AS a1
              WHERE NOT (a1."IsDeleted") AND t."Id" = a1."AppRoleId" AND EXISTS (
                  SELECT 1
                  FROM app_permissions AS a2
                  WHERE NOT (a2."IsDeleted") AND a2."Id" = a1."AppPermissionId" AND a2."Key" = @__permissionKey_1))))
info: Microsoft.EntityFrameworkCore.Database.Command[20101]
      Executed DbCommand (1ms) [Parameters=[], CommandType='Text', CommandTimeout='30']
      SELECT a."Id", a."Email", a."DisplayName", t0."Name", t0."Id", t0."Id0"
      FROM app_users AS a
      LEFT JOIN (
          SELECT t."Name", a0."Id", t."Id" AS "Id0", a0."AppUserId"
          FROM app_user_roles AS a0
          INNER JOIN (
              SELECT a1."Id", a1."Name"
              FROM app_roles AS a1
              WHERE NOT (a1."IsDeleted")
          ) AS t ON a0."AppRoleId" = t."Id"
          WHERE NOT (a0."IsDeleted")
      ) AS t0 ON a."Id" = t0."AppUserId"
      WHERE NOT (a."IsDeleted")
      ORDER BY a."Id", t0."Id"
info: Microsoft.EntityFrameworkCore.Database.Command[20101]
      Executed DbCommand (1ms) [Parameters=[@__userId_Value_0='?' (DbType = Guid), @__permissionKey_1='?'], CommandType='Text', CommandTimeout='30']
      SELECT EXISTS (
          SELECT 1
          FROM app_user_roles AS a
          INNER JOIN (
              SELECT a0."Id", a0."CreatedAt", a0."CreatedBy", a0."DeletedAt", a0."DeletedBy", a0."Description", a0."IsDeleted", a0."Name", a0."RowVersion", a0."Status", a0."UpdatedAt", a0."UpdatedBy"
              FROM app_roles AS a0
              WHERE NOT (a0."IsDeleted")
          ) AS t ON a."AppRoleId" = t."Id"
          WHERE NOT (a."IsDeleted") AND a."AppUserId" = @__userId_Value_0 AND (t."Name" = 'Super Administrator' OR EXISTS (
              SELECT 1
              FROM app_role_permissions AS a1
              WHERE NOT (a1."IsDeleted") AND t."Id" = a1."AppRoleId" AND EXISTS (
                  SELECT 1
                  FROM app_permissions AS a2
                  WHERE NOT (a2."IsDeleted") AND a2."Id" = a1."AppPermissionId" AND a2."Key" = @__permissionKey_1))))
info: Microsoft.EntityFrameworkCore.Database.Command[20101]
      Executed DbCommand (2ms) [Parameters=[], CommandType='Text', CommandTimeout='30']
      SELECT s."SettingKey", s."SettingValue", s."Description"
      FROM system_settings AS s
      WHERE NOT (s."IsDeleted")
      ORDER BY s."SettingKey"
info: Microsoft.EntityFrameworkCore.Database.Command[20101]
      Executed DbCommand (1ms) [Parameters=[@__userId_Value_0='?' (DbType = Guid), @__permissionKey_1='?'], CommandType='Text', CommandTimeout='30']
      SELECT EXISTS (
          SELECT 1
          FROM app_user_roles AS a
          INNER JOIN (
              SELECT a0."Id", a0."CreatedAt", a0."CreatedBy", a0."DeletedAt", a0."DeletedBy", a0."Description", a0."IsDeleted", a0."Name", a0."RowVersion", a0."Status", a0."UpdatedAt", a0."UpdatedBy"
              FROM app_roles AS a0
              WHERE NOT (a0."IsDeleted")
          ) AS t ON a."AppRoleId" = t."Id"
          WHERE NOT (a."IsDeleted") AND a."AppUserId" = @__userId_Value_0 AND (t."Name" = 'Super Administrator' OR EXISTS (
              SELECT 1
              FROM app_role_permissions AS a1
              WHERE NOT (a1."IsDeleted") AND t."Id" = a1."AppRoleId" AND EXISTS (
                  SELECT 1
                  FROM app_permissions AS a2
                  WHERE NOT (a2."IsDeleted") AND a2."Id" = a1."AppPermissionId" AND a2."Key" = @__permissionKey_1))))
info: Microsoft.EntityFrameworkCore.Database.Command[20101]
      Executed DbCommand (2ms) [Parameters=[], CommandType='Text', CommandTimeout='30']
      SELECT i."Id", i."CreatedAt", i."CreatedBy", i."DeletedAt", i."DeletedBy", i."IsActive", i."IsDeleted", i."ManualEditingAllowed", i."Padding", i."Prefix", i."ResetPolicy", i."RowVersion", i."StartingNumber", i."UpdatedAt", i."UpdatedBy"
      FROM invoice_number_settings AS i
      WHERE NOT (i."IsDeleted") AND i."IsActive"
      LIMIT 1
